season,round,Date,HT,AT,HomeS,AwayS,result,AvgHGF,AvgHGA,AvgAGF,AvgAGA,HGF,HGA,AGF,AGA,HTHG,HTAG,HTR,HPL,HRD,HRW,APL,ARD,ARW,HSHOT,ASHOT,Referee,HS,AS,HST,AST,HF,AF,HC,AC,HY,AY,HR,AR,B365H,B365D,B365A
1213,1,2018-08-12,Arsenal,Sunderland,0,0,D,,,,,,,,,0,0,D,,,,,,,,,C Foy,14,3,4,2,12,8,7,0,0,0,0,0,1.4,4.5,8.5
1213,1,2018-08-12,Fulham,Norwich,5,0,H,,,,,,,,,2,0,H,,,,,,,,,M Oliver,11,4,9,2,12,11,6,3,0,0,0,0,1.8,3.6,4.5
1213,1,2018-08-12,Newcastle,Tottenham,2,1,H,,,,,,,,,0,0,D,,,,,,,,,M Atkinson,6,12,4,6,12,8,3,5,2,2,0,0,2.5,3.4,2.75
1213,1,2018-08-12,QPR,Swansea,0,5,A,,,,,,,,,0,1,A,,,,,,,,,L Probert,20,12,11,8,11,14,5,3,2,2,0,0,2,3.4,3.8
1213,1,2018-08-12,Reading,Stoke,1,1,D,,,,,,,,,0,1,A,,,,,,,,,K Friend,9,6,3,3,9,14,4,3,2,4,0,1,2.38,3.25,3.1
1213,1,2018-08-12,West Brom,Liverpool,3,0,H,,,,,,,,,1,0,H,,,,,,,,,P Dowd,15,14,10,7,10,11,7,3,1,4,0,1,4.2,3.5,1.91
1213,1,2018-08-12,West Ham,Aston Villa,1,0,H,,,,,,,,,1,0,H,,,,,,,,,M Dean,8,10,4,6,17,8,6,4,0,1,0,0,2.2,3.3,3.4
1213,1,2019-08-12,Man City,Southampton,3,2,H,,,,,,,,,1,0,H,,,,,,,,,H Webb,20,9,15,6,4,6,7,3,1,2,0,0,1.17,7.0,17.0
1213,1,2019-08-12,Wigan,Chelsea,0,2,A,,,,,,,,,0,2,A,,,,,,,,,M Jones,12,5,4,3,16,11,7,1,2,2,0,0,6,3.75,1.62
1213,1,2020-08-12,Everton,Man United,1,0,H,,,,,,,,,0,0,D,,,,,,,,,A Marriner,16,12,7,7,12,11,6,8,1,2,0,0,4.33,3.6,1.83
1213,2,2022-08-12,Chelsea,Reading,4,2,H,,,,,,,,,1,2,A,,,,,,,,,L Mason,23,7,11,5,11,14,1,5,0,2,0,0,1.25,5.5,13.0
1213,2,2025-08-12,Aston Villa,Everton,1,3,A,,,,,,,,,0,3,A,,,,,,,,,M Oliver,7,19,3,11,10,7,1,9,1,0,1,0,2.9,3.4,2.4
1213,2,2025-08-12,Chelsea,Newcastle,2,0,H,,,,,,,,,2,0,H,,,,,,,,,P Dowd,11,11,6,5,8,10,2,3,1,0,0,0,1.5,4.33,6.5
1213,2,2025-08-12,Man United,Fulham,3,2,H,,,,,,,,,3,1,H,,,,,,,,,K Friend,20,14,11,11,12,7,8,8,0,1,0,0,1.29,5.5,11.0
1213,2,2025-08-12,Norwich,QPR,1,1,D,,,,,,,,,1,1,D,,,,,,,,,M Clattenburg,13,6,4,4,15,14,6,2,0,2,0,0,2.25,3.4,3.2
1213,2,2025-08-12,Southampton,Wigan,0,2,A,,,,,,,,,0,0,D,,,,,,,,,A Taylor,14,12,9,8,11,9,10,3,0,0,0,0,2.1,3.4,3.5
1213,2,2025-08-12,Swansea,West Ham,3,0,H,,,,,,,,,2,0,H,,,,,,,,,M Atkinson,10,7,7,6,13,17,5,4,2,4,0,0,2.1,3.3,3.6
1213,2,2025-08-12,Tottenham,West Brom,1,1,D,,,,,,,,,0,0,D,,,,,,,,,M Dean,18,10,10,5,8,7,7,5,1,2,0,0,1.5,4.33,6.5
1213,2,2026-08-12,Liverpool,Man City,2,2,D,,,,,,,,,1,0,H,,,,,,,,,A Marriner,15,11,8,5,10,7,4,4,1,0,0,0,3.1,3.4,2.3
1213,2,2026-08-12,Stoke,Arsenal,0,0,D,,,,,,,,,0,0,D,,,,,,,,,L Mason,7,16,4,6,9,9,0,11,2,0,0,0,3.5,3.4,2.1
1213,3,2001-09-12,Man City,QPR,3,1,H,,,,,,,,,1,0,H,,,,,,,,,C Foy,19,9,12,5,12,3,8,3,2,1,0,0,1.18,7.0,15.0
1213,3,2001-09-12,Swansea,Sunderland,2,2,D,,,,,,,,,1,2,A,,,,,,,,,R East,14,4,10,3,11,7,8,0,1,1,1,0,2.2,3.3,3.4
1213,3,2001-09-12,Tottenham,Norwich,1,1,D,,,,,,,,,0,0,D,,,,,,,,,M Halsey,15,10,9,4,7,12,4,2,1,0,1,0,1.36,5.0,8.5
1213,3,2001-09-12,West Brom,Everton,2,0,H,,,,,,,,,0,0,D,,,,,,,,,J Moss,14,12,8,5,11,15,6,3,1,4,0,0,3,3.3,2.38
1213,3,2001-09-12,West Ham,Fulham,3,0,H,,,,,,,,,3,0,H,,,,,,,,,A Taylor,17,14,12,13,12,5,6,6,0,0,0,0,2.5,3.25,2.88
1213,3,2001-09-12,Wigan,Stoke,2,2,D,,,,,,,,,1,1,D,,,,,,,,,M Atkinson,9,16,5,8,13,11,2,1,1,2,0,0,2.25,3.25,3.3
1213,3,2002-09-12,Liverpool,Arsenal,0,2,A,,,,,,,,,0,1,A,,,,,,,,,H Webb,17,11,8,7,12,7,10,2,2,2,0,0,2,3.5,3.75
1213,3,2002-09-12,Newcastle,Aston Villa,1,1,D,,,,,,,,,0,1,A,,,,,,,,,L Probert,16,13,6,9,6,20,10,6,1,4,0,0,1.62,3.75,6.0
1213,3,2002-09-12,Southampton,Man United,2,3,A,,,,,,,,,1,1,D,,,,,,,,,M Dean,15,18,8,9,9,4,4,7,1,0,0,0,6,4.2,1.53
1213,3,2015-09-12,Arsenal,Southampton,6,1,H,,,,,,,,,4,1,H,,,,,,,,,K Friend,20,9,12,4,4,7,8,3,0,0,0,0,1.36,5.0,8.5
1213,4,2015-09-12,Aston Villa,Swansea,2,0,H,,,,,,,,,1,0,H,,,,,,,,,L Mason,17,10,13,5,11,4,11,5,3,1,0,0,2.38,3.25,3.1
1213,4,2015-09-12,Fulham,West Brom,3,0,H,,,,,,,,,2,0,H,,,,,,,,,R East,23,10,14,8,6,10,5,4,0,0,0,1,2.1,3.4,3.5
1213,4,2015-09-12,Man United,Wigan,4,0,H,,,,,,,,,0,0,D,,,,,,,,,M Oliver,17,8,10,4,10,14,5,5,2,2,0,0,1.25,6.0,12.0
1213,4,2015-09-12,Norwich,West Ham,0,0,D,,,,,,,,,0,0,D,,,,,,,,,C Foy,20,9,14,4,10,12,8,5,0,1,0,0,2.38,3.4,3.0
1213,4,2015-09-12,QPR,Chelsea,0,0,D,,,,,,,,,0,0,D,,,,,,,,,A Marriner,10,13,6,9,16,17,2,4,0,2,0,0,4.5,3.5,1.83
1213,4,2015-09-12,Stoke,Man City,1,1,D,,,,,,,,,1,1,D,,,,,,,,,M Clattenburg,4,15,3,11,12,12,6,5,0,1,0,0,5,3.6,1.73
1213,4,2015-09-12,Sunderland,Liverpool,1,1,D,,,,,,,,,1,0,H,,,,,,,,,M Atkinson,6,20,4,9,18,10,2,7,1,2,0,0,3.4,3.3,2.2
1213,4,2016-09-12,Reading,Tottenham,1,3,A,,,,,,,,,0,1,A,,,,,,,,,H Webb,4,22,2,11,4,9,7,4,0,1,0,0,3.75,3.5,2.0
1213,4,2017-09-12,Everton,Newcastle,2,2,D,,,,,,,,,1,0,H,,,,,,,,,M Jones,17,11,10,7,16,12,3,3,3,3,0,0,1.73,3.6,5.0
1213,4,2022-09-12,Chelsea,Stoke,1,0,H,,,,,,,,,0,0,D,,,,,,,,,M Oliver,17,13,9,6,12,15,13,3,2,1,0,0,1.36,4.75,9.0
1213,5,2022-09-12,Southampton,Aston Villa,4,1,H,,,,,,,,,0,1,A,,,,,,,,,J Moss,12,8,4,2,5,13,1,4,1,3,0,0,2.4,3.3,3.0
1213,5,2022-09-12,Swansea,Everton,0,3,A,,,,,,,,,0,2,A,,,,,,,,,A Taylor,18,30,11,19,23,7,8,3,4,1,1,0,3,3.3,2.4
1213,5,2022-09-12,West Brom,Reading,1,0,H,,,,,,,,,0,0,D,,,,,,,,,C Foy,9,8,4,1,14,6,9,1,1,0,0,0,1.73,3.75,4.75
1213,5,2022-09-12,West Ham,Sunderland,1,1,D,,,,,,,,,0,1,A,,,,,,,,,L Mason,20,4,11,2,12,10,10,1,2,1,0,0,2.1,3.3,3.6
1213,5,2022-09-12,Wigan,Fulham,1,2,A,,,,,,,,,0,1,A,,,,,,,,,L Probert,18,12,9,9,7,13,8,7,0,3,0,0,2.4,3.3,3.0
1213,5,2023-09-12,Liverpool,Man United,1,2,A,,,,,,,,,0,0,D,,,,,,,,,M Halsey,13,8,8,4,14,7,7,3,1,2,1,0,2.7,3.3,2.63
1213,5,2023-09-12,Man City,Arsenal,1,1,D,,,,,,,,,1,0,H,,,,,,,,,M Dean,14,10,10,4,11,7,9,4,1,0,0,0,1.75,3.6,4.75
1213,5,2023-09-12,Newcastle,Norwich,1,0,H,,,,,,,,,1,0,H,,,,,,,,,N Swarbrick,16,8,8,3,11,19,4,5,1,1,0,0,1.8,3.6,4.5
1213,5,2023-09-12,Tottenham,QPR,2,1,H,,,,,,,,,0,1,A,,,,,,,,,P Dowd,18,9,14,6,7,12,10,9,0,2,0,0,1.44,4.33,7.5
1213,5,2029-09-12,Arsenal,Chelsea,1,2,A,,,,,,,,,1,1,D,,,,,,,,,M Atkinson,14,10,5,5,14,13,6,5,2,3,0,0,2.1,3.4,3.5
1213,6,2029-09-12,Everton,Southampton,3,1,H,1.8,1.0,1.8,3.0,1.8,1.0,1.8,3.0,3,1,H,0.4,0.2,0.0,0.0,0.0,0.6,0.53093653250774,0.5241269841269841,L Probert,17,8,9,2,2,3,10,3,0,0,0,0,1.4,4.75,8.0
1213,6,2029-09-12,Fulham,Man City,1,2,A,2.4,1.4,2.0,1.4,2.4,1.4,2.0,1.4,1,1,D,0.6,0.0,0.4,0.4,0.2,0.2,0.7782326369282891,0.6567486899065846,M Halsey,7,21,3,12,7,12,2,4,0,1,0,0,4.33,3.6,1.83
1213,6,2029-09-12,Man United,Tottenham,2,3,A,2.4,1.2,1.6,1.2,2.4,1.2,1.6,1.2,0,2,A,0.2,0.0,0.0,0.2,0.0,0.2,0.5443137254901961,0.5866666666666667,C Foy,15,10,8,6,5,7,9,5,0,0,0,0,1.57,4.0,6.0
1213,6,2029-09-12,Norwich,Liverpool,2,5,A,0.8,3.2,0.8,2.0,0.6,1.4,0.8,2.0,0,2,A,0.0,0.2,0.6,0.0,0.2,0.6,0.47082417582417585,0.5138612368024132,M Jones,10,10,7,6,5,2,5,5,1,0,0,0,4.75,3.75,1.73
1213,6,2029-09-12,Reading,Newcastle,2,2,D,0.8,1.8,1.2,1.2,0.8,1.8,1.2,1.2,0,0,D,0.0,0.2,0.4,0.2,0.0,0.6,0.33452380952380956,0.5265151515151515,A Marriner,14,8,7,3,6,8,6,3,0,3,0,0,2.88,3.3,2.5
1213,6,2029-09-12,Stoke,Swansea,2,0,H,0.8,1.0,2.0,1.4,0.8,1.0,2.0,1.4,2,0,H,0.0,0.2,0.0,0.4,0.0,0.6,0.5565934065934066,0.6384126984126984,J Moss,10,8,5,0,10,8,6,8,1,1,0,0,1.91,3.4,4.2
1213,6,2029-09-12,Sunderland,Wigan,1,0,H,0.8,0.8,1.0,2.0,0.8,0.8,1.0,2.0,0,0,D,0.0,0.6,0.0,0.0,0.0,0.4,0.5166666666666666,0.5111111111111111,H Webb,11,8,6,3,20,16,8,1,2,5,0,1,2,3.4,3.8
1213,6,1930-09-12,Aston Villa,West Brom,1,1,D,1.0,1.8,1.4,0.8,1.0,1.8,1.4,0.8,0,0,D,0.2,0.4,0.4,0.2,0.0,0.2,0.5471170006464124,0.5965079365079365,A Taylor,19,14,8,7,9,11,11,4,1,1,0,0,2.4,3.3,3.0
1213,6,2001-10-12,QPR,West Ham,1,2,A,0.6,2.2,1.0,0.8,0.6,2.2,1.0,0.8,0,2,A,0.0,0.2,0.4,0.4,0.0,0.4,0.6077777777777778,0.6114939309056956,M Clattenburg,13,17,9,10,9,21,4,13,1,8,1,0,2.05,3.4,3.75
1213,6,2006-10-12,Chelsea,Norwich,4,1,H,2.2,0.6,0.4,1.6,2.2,0.6,0.4,1.6,3,1,H,0.4,0.0,0.2,0.0,0.0,0.4,0.6690869744066674,0.4565384615384616,A Taylor,20,7,13,4,7,1,10,2,0,0,0,0,1.22,6.5,12.0
1213,7,2006-10-12,Man City,Sunderland,3,0,H,2.3333333333333335,1.5,0.8333333333333334,0.6666666666666666,1.8,1.2,1.0,0.8,1,0,H,0.4,0.2,0.2,0.0,0.4,0.0,0.6210344041922988,0.4924242424242424,L Probert,26,8,16,6,10,10,15,4,0,3,0,0,1.29,5.5,11.0
1213,7,2006-10-12,Swansea,Reading,2,2,D,1.6666666666666667,1.8333333333333333,1.0,1.8333333333333333,1.0,1.8,1.0,2.0,0,2,A,0.4,0.2,0.6,0.0,0.2,0.4,0.505079365079365,0.3678571428571429,M Dean,25,8,16,6,8,11,11,3,1,3,0,0,1.91,3.6,4.0
1213,7,2006-10-12,West Brom,QPR,3,2,H,1.5,1.0,0.6666666666666666,2.1666666666666665,1.0,1.0,0.8,1.6,2,1,H,0.4,0.0,0.2,0.0,0.4,0.6,0.5631746031746031,0.6362393162393163,M Jones,13,13,8,6,16,12,2,5,2,2,0,0,1.83,3.75,4.2
1213,7,2006-10-12,West Ham,Arsenal,1,3,A,1.5,1.0,1.6666666666666667,0.6666666666666666,1.2,1.0,2.0,0.8,1,1,D,0.4,0.0,0.2,0.2,0.0,0.2,0.629140989729225,0.5308441558441558,P Dowd,7,20,3,14,12,7,4,16,3,2,0,0,4,3.6,1.91
1213,7,2006-10-12,Wigan,Everton,2,2,D,0.8333333333333334,2.0,2.0,1.0,1.0,1.8,2.2,1.2,2,1,H,0.2,0.2,0.4,0.4,0.2,0.0,0.5194444444444445,0.5493188854489164,K Friend,10,16,6,11,14,14,7,6,2,5,0,0,4.2,3.4,1.91
1213,7,2007-10-12,Liverpool,Stoke,0,0,D,2.3333333333333335,2.3333333333333335,1.0,0.8333333333333334,1.8,1.8,1.0,0.8,0,0,D,0.0,0.2,0.4,0.2,0.2,0.0,0.5338612368024133,0.5565934065934066,L Mason,16,5,5,3,9,16,5,5,0,6,0,0,1.44,4.33,7.5
1213,7,2007-10-12,Newcastle,Man United,0,3,A,1.6666666666666667,1.6666666666666667,2.3333333333333335,1.5,1.2,1.4,2.8,1.6,0,2,A,0.4,0.0,0.6,0.0,0.2,0.2,0.46818181818181814,0.5343137254901961,H Webb,13,12,3,9,15,12,8,6,4,4,0,0,4.2,3.75,1.83
1213,7,2007-10-12,Southampton,Fulham,2,2,D,1.8333333333333333,3.5,2.1666666666666665,1.5,1.6,3.0,1.6,1.8,1,0,H,0.0,0.2,0.6,0.6,0.2,0.2,0.44079365079365085,0.7003105590062112,M Clattenburg,13,14,6,5,13,5,8,8,4,0,0,0,2.75,3.3,2.6
1213,7,2007-10-12,Tottenham,Aston Villa,2,0,H,2.3333333333333335,1.6666666666666667,1.0,2.3333333333333335,2.0,1.2,1.0,1.6,0,0,D,0.0,0.0,0.2,0.2,0.4,0.2,0.6066666666666667,0.5506132412479161,N Swarbrick,23,8,10,5,7,10,8,0,1,3,0,0,1.44,4.33,7.5
1213,7,2020-10-12,Fulham,Aston Villa,1,0,H,2.8333333333333335,2.1666666666666665,1.0,2.3333333333333335,1.6,1.6,1.0,1.6,0,0,D,0.4,0.2,0.4,0.2,0.4,0.2,0.6145962732919255,0.5506132412479161,C Foy,17,9,8,4,7,11,6,4,1,2,0,0,1.8,3.6,4.5
1213,8,2020-10-12,Liverpool,Reading,1,0,H,2.0,2.0,1.4285714285714286,2.142857142857143,1.4,1.4,1.0,1.6,1,0,H,0.0,0.2,0.2,0.0,0.4,0.2,0.4896945701357466,0.375,R East,23,8,13,5,13,6,6,5,1,1,0,0,1.33,5.0,10.0
1213,8,2020-10-12,Man United,Stoke,4,2,H,2.857142857142857,1.2857142857142858,0.8571428571428571,0.7142857142857143,2.8,1.2,1.0,0.8,2,1,H,0.2,0.2,0.2,0.4,0.2,0.0,0.5743137254901961,0.5623076923076924,A Taylor,13,8,8,6,9,10,3,3,1,1,0,0,1.29,5.5,11.0
1213,8,2020-10-12,Norwich,Arsenal,1,0,H,0.8571428571428571,3.0,2.2857142857142856,0.8571428571428571,0.8,2.2,2.6,1.0,1,0,H,0.0,0.4,0.8,0.2,0.0,0.2,0.5492857142857144,0.6137012987012987,L Probert,7,13,3,7,9,9,2,10,4,0,0,0,6,4.2,1.53
1213,8,2020-10-12,Swansea,Wigan,2,1,H,1.7142857142857142,1.8571428571428572,1.0,2.0,0.8,2.2,1.0,2.2,0,0,D,0.4,0.2,0.6,0.2,0.4,0.2,0.4930793650793651,0.5061111111111111,M Jones,18,10,11,7,13,11,9,2,2,3,0,0,2.1,3.4,3.5
1213,8,2020-10-12,Tottenham,Chelsea,2,4,A,2.2857142857142856,1.4285714285714286,2.142857142857143,0.5714285714285714,2.2,1.0,2.6,0.8,0,1,A,0.0,0.0,0.0,0.4,0.0,0.2,0.582512077294686,0.6790869744066674,M Dean,23,11,16,7,7,8,7,4,3,2,0,0,2.5,3.4,2.75
1213,8,2020-10-12,West Brom,Man City,1,2,A,1.7142857142857142,1.1428571428571428,2.4285714285714284,1.2857142857142858,1.4,1.2,2.0,0.8,0,0,D,0.4,0.0,0.2,0.6,0.2,0.2,0.5862515262515262,0.6532022363601311,M Clattenburg,16,21,8,13,11,15,6,9,4,3,0,1,5,3.75,1.7
1213,8,2020-10-12,West Ham,Southampton,4,1,H,1.4285714285714286,1.2857142857142858,1.8571428571428572,3.2857142857142856,1.4,1.0,2.0,3.0,0,0,D,0.2,0.2,0.2,0.0,0.2,0.4,0.5434267040149392,0.4045299145299145,N Swarbrick,9,11,8,4,10,12,6,3,0,2,0,0,1.83,3.75,4.2
1213,8,2021-10-12,QPR,Everton,1,1,D,1.1428571428571428,2.7142857142857144,2.2857142857142856,1.4285714285714286,1.0,2.0,2.0,1.4,1,1,D,0.0,0.6,0.6,0.2,0.2,0.2,0.5952136752136752,0.5710294117647059,J Moss,14,10,6,4,12,18,5,4,2,1,0,1,3.25,3.4,2.2
1213,8,2021-10-12,Sunderland,Newcastle,1,1,D,0.7142857142857143,1.4285714285714286,1.4285714285714286,1.8571428571428572,0.6,1.0,1.2,1.6,0,1,A,0.0,0.4,0.2,0.2,0.2,0.4,0.4924242424242424,0.4234265734265734,M Atkinson,16,10,6,7,14,15,8,4,0,4,0,1,2.5,3.3,2.88
1213,8,2027-10-12,Arsenal,QPR,1,0,H,2.2857142857142856,1.1428571428571428,1.2857142857142858,2.857142857142857,2.6,1.2,1.0,1.6,0,0,D,0.2,0.2,0.2,0.0,0.4,0.4,0.6463936063936064,0.5698168498168498,A Taylor,21,4,11,3,14,9,5,2,1,2,0,1,1.36,5.0,8.5
1213,9,2027-10-12,Aston Villa,Norwich,1,1,D,0.75,2.0,0.875,2.625,0.8,1.6,0.8,2.0,1,0,H,0.2,0.2,0.2,0.2,0.4,0.8,0.5010405916752665,0.5549999999999999,P Dowd,7,14,5,6,12,7,3,8,2,0,1,0,2,3.5,3.75
1213,9,2027-10-12,Man City,Swansea,1,0,H,2.625,1.375,1.75,1.75,1.8,0.8,0.8,2.0,0,0,D,0.6,0.0,0.2,0.2,0.2,0.6,0.6506959706959707,0.4724444444444445,M Atkinson,10,9,5,5,8,10,3,0,1,2,0,0,1.22,6.0,15.0
1213,9,2027-10-12,Reading,Fulham,3,3,D,1.25,2.125,2.5,1.875,0.8,1.2,1.6,1.4,1,0,H,0.0,0.4,0.4,0.0,0.4,0.4,0.4,0.5262605042016807,M Jones,15,16,9,8,6,17,6,8,1,1,0,0,2.75,3.4,2.5
1213,9,2027-10-12,Stoke,Sunderland,0,0,D,1.25,1.625,0.75,1.375,1.0,1.2,0.6,1.0,0,0,D,0.4,0.2,0.2,0.0,0.2,0.4,0.6123076923076923,0.4340909090909091,M Halsey,11,6,6,3,12,6,7,3,2,2,0,0,1.95,3.3,4.2
1213,9,2027-10-12,Wigan,West Ham,2,1,H,1.125,2.25,1.75,1.25,0.8,2.2,1.6,1.2,1,0,H,0.4,0.6,0.0,0.2,0.2,0.0,0.5349999999999999,0.5800280112044818,J Moss,17,15,13,11,10,16,6,6,3,4,0,0,2.25,3.4,3.2
1213,9,2028-10-12,Chelsea,Man United,2,3,A,2.875,1.0,3.0,1.375,2.6,0.8,3.0,1.2,1,2,A,0.2,0.0,0.2,0.2,0.2,0.2,0.7107075277663513,0.5973906485671192,M Clattenburg,14,15,11,7,13,11,8,6,2,2,2,0,2.4,3.4,2.9
1213,9,2028-10-12,Everton,Liverpool,2,2,D,2.75,2.0,1.875,1.75,2.2,1.2,1.6,1.0,2,2,D,0.4,0.0,0.2,0.2,0.2,0.2,0.5654336349924585,0.5086204013377926,A Marriner,17,12,8,5,16,18,9,5,4,3,0,0,2.6,3.3,2.75
1213,9,2028-10-12,Newcastle,West Brom,2,1,H,1.5,1.875,1.625,1.25,1.2,1.6,1.2,1.6,1,0,H,0.2,0.4,0.2,0.2,0.2,0.2,0.48842657342657336,0.571965811965812,C Foy,10,8,6,4,13,7,6,4,3,2,0,0,2,3.5,3.75
1213,9,2028-10-12,Southampton,Tottenham,1,2,A,1.875,3.875,2.25,1.75,1.8,3.2,2.4,1.6,0,2,A,0.2,0.4,0.2,0.0,0.2,0.2,0.3705905205905206,0.6016425120772947,L Mason,11,11,6,4,14,8,2,3,0,3,0,0,4.2,3.75,1.83
1213,9,2003-11-12,Fulham,Everton,2,2,D,2.25,1.625,2.25,1.5,1.8,1.0,2.2,1.2,1,0,H,0.2,0.2,0.4,0.4,0.2,0.2,0.5229996346364633,0.5676960784313725,N Swarbrick,8,26,5,15,16,9,5,9,3,1,0,0,2.75,3.4,2.5
1213,10,2003-11-12,Man United,Arsenal,2,1,H,3.3333333333333335,1.6666666666666667,1.8888888888888888,0.8888888888888888,2.8,1.6,2.4,1.2,1,0,H,0.2,0.2,0.2,0.0,0.2,0.2,0.573076923076923,0.6238827838827838,M Dean,11,7,7,3,13,13,6,1,5,3,0,1,1.7,3.8,5.0
1213,10,2003-11-12,Norwich,Stoke,1,0,H,1.0,2.5555555555555554,1.1111111111111112,1.4444444444444444,1.0,2.2,0.8,1.0,1,0,H,0.2,0.4,0.6,0.2,0.2,0.2,0.5007142857142857,0.5713986013986013,A Marriner,12,8,8,3,11,13,9,1,1,5,0,0,2.6,3.3,2.75
1213,10,2003-11-12,Sunderland,Aston Villa,0,1,A,0.6666666666666666,1.2222222222222223,0.7777777777777778,1.8888888888888888,0.4,0.8,0.6,1.8,0,0,D,0.2,0.2,0.2,0.0,0.2,0.2,0.4340909090909091,0.4909565580618212,M Jones,11,9,1,6,10,17,6,7,2,3,0,0,2.1,3.3,3.6
1213,10,2003-11-12,Swansea,Chelsea,1,1,D,1.5555555555555556,1.7777777777777777,2.7777777777777777,1.2222222222222223,0.8,1.8,2.6,1.4,0,0,D,0.2,0.2,0.4,0.0,0.2,0.2,0.4835555555555556,0.7587594758182993,K Friend,9,11,7,7,12,9,8,6,4,1,0,0,4.5,3.6,1.8
1213,10,2003-11-12,Tottenham,Wigan,0,1,A,2.4444444444444446,1.7777777777777777,1.2222222222222223,2.111111111111111,2.2,1.6,1.2,1.6,0,0,D,0.0,0.2,0.2,0.4,0.4,0.0,0.5743697848045675,0.5879411764705882,M Atkinson,13,7,10,4,10,11,9,3,1,1,0,0,1.5,4.33,6.5
1213,10,2003-11-12,West Ham,Man City,0,0,D,1.7777777777777777,1.5555555555555556,2.4444444444444446,1.2222222222222223,1.8,1.6,1.8,0.6,0,0,D,0.0,0.4,0.2,0.4,0.0,0.2,0.6378057889822596,0.604029304029304,H Webb,6,18,1,8,11,12,3,7,3,0,0,0,5,3.8,1.7
1213,10,2004-11-12,Liverpool,Newcastle,1,1,D,2.111111111111111,2.0,1.5555555555555556,1.7777777777777777,1.8,1.2,1.2,1.4,0,1,A,0.2,0.2,0.0,0.4,0.2,0.0,0.5019537346711259,0.48115384615384615,A Taylor,20,10,12,3,10,13,14,3,0,1,0,1,1.57,4.0,6.0
1213,10,2004-11-12,QPR,Reading,1,1,D,1.0,2.4444444444444446,1.4444444444444444,2.2222222222222223,1.0,1.8,1.4,1.6,0,1,A,0.2,0.2,0.4,0.0,0.6,0.4,0.5998168498168498,0.495,M Oliver,23,18,12,8,11,15,8,8,0,2,0,0,1.8,3.6,4.5
1213,10,2005-11-12,West Brom,Southampton,2,0,H,1.6666666666666667,1.5555555555555556,1.7777777777777777,3.6666666666666665,1.4,1.4,1.8,2.4,1,0,H,0.2,0.4,0.4,0.2,0.4,0.4,0.5119658119658119,0.3907925407925408,M Halsey,16,9,6,5,6,12,8,6,1,0,0,0,1.73,3.75,4.75
1213,10,2010-11-12,Arsenal,Fulham,3,3,D,2.111111111111111,1.3333333333333333,2.888888888888889,2.3333333333333335,1.4,1.4,1.8,1.8,2,2,D,0.0,0.4,0.4,0.0,0.2,0.2,0.5895970695970696,0.47626050420168065,P Dowd,15,9,9,5,12,10,8,6,1,2,0,0,1.53,4.2,6.0
1213,11,2010-11-12,Aston Villa,Man United,2,3,A,0.9,1.7,3.2,1.6,0.6,1.0,2.8,1.6,1,0,H,0.2,0.2,0.0,0.2,0.2,0.2,0.5742898913951545,0.6003496503496504,K Friend,10,16,7,7,12,7,5,6,1,1,0,0,7,4.5,1.44
1213,11,2010-11-12,Everton,Sunderland,2,1,H,2.4,1.8,0.6,1.2,2.0,1.6,0.2,1.0,0,1,A,0.2,0.0,0.2,0.2,0.4,0.2,0.5328846153846154,0.34318181818181814,L Mason,16,6,10,4,14,14,6,2,1,3,0,0,1.44,4.2,8.0
1213,11,2010-11-12,Reading,Norwich,0,0,D,1.5,2.2,1.0,2.3,1.2,1.4,1.2,2.0,0,0,D,0.0,0.6,0.2,0.2,0.4,0.4,0.48388888888888887,0.559047619047619,C Foy,7,10,3,3,9,16,10,3,0,1,0,0,2.25,3.4,3.2
1213,11,2010-11-12,Southampton,Swansea,1,1,D,1.6,3.7,1.5,1.7,1.0,2.6,1.0,1.4,0,0,D,0.2,0.6,0.4,0.0,0.0,0.2,0.43523698523698523,0.516888888888889,A Marriner,11,5,5,3,11,10,10,6,2,2,0,0,2.38,3.5,2.88
1213,11,2010-11-12,Stoke,QPR,1,0,H,1.0,1.5,1.0,2.3,0.8,1.0,1.0,1.6,0,0,D,0.2,0.4,0.4,0.2,0.2,0.4,0.5540909090909091,0.570831342570473,M Atkinson,10,17,5,8,11,16,5,5,2,3,0,0,1.91,3.4,4.2
1213,11,2010-11-12,Wigan,West Brom,1,2,A,1.3,1.9,1.7,1.4,1.2,1.2,1.6,1.4,1,2,A,0.4,0.4,0.0,0.2,0.4,0.2,0.6022268907563024,0.4980769230769231,N Swarbrick,14,7,6,4,9,13,5,8,1,4,0,0,2.3,3.4,3.1
1213,11,2011-11-12,Chelsea,Liverpool,1,1,D,2.7,1.3,2.0,1.9,2.8,1.6,1.8,1.0,1,0,H,0.2,0.2,0.2,0.2,0.0,0.2,0.7475706646294881,0.4988768115942029,H Webb,12,9,3,5,12,13,4,7,1,3,0,0,1.95,3.5,4.0
1213,11,2011-11-12,Man City,Tottenham,2,1,H,2.2,1.1,2.4,2.1,1.6,0.4,1.4,1.6,0,1,A,0.4,0.0,0.0,0.0,0.6,0.2,0.5500610500610501,0.5193270497618323,M Oliver,16,6,8,2,16,7,8,2,1,2,0,0,1.57,4.0,6.0
1213,11,2011-11-12,Newcastle,West Ham,0,1,A,1.6,1.8,1.6,1.4,1.2,1.6,1.6,1.4,0,1,A,0.2,0.4,0.0,0.0,0.2,0.2,0.4411538461538461,0.5611391223155928,M Dean,14,10,9,5,8,14,11,4,1,2,0,0,1.95,3.6,3.8
1213,11,2017-11-12,Arsenal,Tottenham,5,2,H,2.2,1.5,2.4,2.1,1.8,1.8,1.4,1.6,3,1,H,0.0,0.2,0.2,0.0,0.6,0.2,0.6295970695970696,0.5193270497618323,H Webb,13,6,10,4,13,12,6,6,1,2,0,1,1.91,3.75,3.8
1213,12,2017-11-12,Liverpool,Wigan,3,0,H,2.0,1.9090909090909092,1.2727272727272727,1.9090909090909092,1.0,0.8,1.4,1.4,0,0,D,0.0,0.0,0.4,0.4,0.4,0.2,0.48998792270531394,0.6129411764705881,K Friend,22,9,11,3,9,11,10,5,0,3,0,0,1.44,4.33,7.5
1213,12,2017-11-12,Man City,Aston Villa,5,0,H,2.1818181818181817,1.0909090909090908,1.0,1.8181818181818181,1.6,0.4,0.8,1.4,1,0,H,0.4,0.0,0.2,0.2,0.4,0.0,0.5357753357753359,0.630079365079365,J Moss,21,10,8,8,9,4,9,4,0,1,0,0,1.2,6.5,15.0
1213,12,2017-11-12,Newcastle,Swansea,1,2,A,1.4545454545454546,1.7272727272727273,1.5454545454545454,1.7272727272727273,0.8,1.4,1.2,1.2,0,0,D,0.2,0.4,0.2,0.2,0.0,0.0,0.4947252747252747,0.636888888888889,P Dowd,27,15,10,9,7,7,5,4,1,3,0,0,1.91,3.6,4.0
1213,12,2017-11-12,Norwich,Man United,1,0,H,0.9090909090909091,2.090909090909091,3.4545454545454546,1.8181818181818181,1.0,1.2,3.0,1.4,0,0,D,0.4,0.2,0.2,0.2,0.0,0.2,0.5047619047619047,0.5811829836829837,A Taylor,10,12,5,9,10,7,0,12,0,1,0,0,7,4.5,1.44
1213,12,2017-11-12,QPR,Southampton,1,3,A,0.9090909090909091,2.272727272727273,1.5454545454545454,3.4545454545454546,0.8,1.4,1.0,2.2,0,2,A,0.2,0.2,0.2,0.0,0.4,0.4,0.5264874511677581,0.4761460761460762,M Dean,13,21,7,15,12,9,4,13,1,0,0,0,1.91,3.6,4.0
1213,12,2017-11-12,Reading,Everton,2,1,H,1.3636363636363635,2.0,2.3636363636363638,1.7272727272727273,0.8,1.0,1.8,1.6,0,1,A,0.0,0.4,0.2,0.0,0.0,0.4,0.41960317460317464,0.5520022624434389,M Atkinson,12,21,4,11,11,11,7,13,3,2,0,0,4.33,3.6,1.83
1213,12,2017-11-12,West Brom,Chelsea,2,1,H,1.9090909090909092,1.4545454545454546,2.5454545454545454,1.2727272727272727,1.8,1.4,2.8,1.8,1,1,D,0.0,0.4,0.2,0.0,0.4,0.2,0.5123626373626374,0.6916883116883116,M Oliver,8,19,6,12,7,13,0,12,0,0,0,0,3.75,3.5,2.0
1213,12,2018-11-12,Fulham,Sunderland,1,3,A,2.909090909090909,2.4545454545454546,0.7272727272727273,1.4545454545454546,2.2,2.0,0.4,0.8,0,0,D,0.2,0.0,0.2,0.0,0.6,0.2,0.5016573295985061,0.32651515151515154,L Probert,18,12,13,9,9,13,4,4,1,3,1,0,1.67,3.75,5.25
1213,12,2019-11-12,West Ham,Stoke,1,1,D,1.6363636363636365,1.2727272727272727,1.0,1.3636363636363635,1.4,1.2,0.6,1.0,0,1,A,0.2,0.2,0.2,0.0,0.4,0.4,0.5434920634920635,0.5540909090909091,C Foy,16,12,11,6,8,9,12,4,1,0,0,0,2,3.4,3.8
1213,12,2024-11-12,Aston Villa,Arsenal,0,0,D,1.0,2.727272727272727,2.4545454545454546,1.5454545454545454,0.8,2.0,2.6,1.8,0,0,D,0.2,0.4,0.2,0.2,0.2,0.2,0.665079365079365,0.712014652014652,L Mason,10,13,8,6,6,9,7,6,1,0,0,0,4.75,3.75,1.73
1213,13,2024-11-12,Everton,Norwich,1,1,D,2.3333333333333335,1.9166666666666667,0.9166666666666666,1.9166666666666667,1.6,1.6,0.8,0.2,1,0,H,0.0,0.2,0.2,0.4,0.0,0.0,0.5192641672053437,0.4647619047619047,M Jones,14,8,9,4,10,18,4,2,0,3,0,0,1.44,4.33,7.5
1213,13,2024-11-12,Man United,QPR,3,1,H,3.1666666666666665,1.8333333333333333,0.9166666666666666,2.3333333333333335,2.4,1.6,0.6,1.4,0,0,D,0.4,0.2,0.2,0.2,0.4,0.4,0.5811829836829837,0.5418720665523734,L Probert,15,10,10,6,6,10,9,7,1,1,0,0,1.17,7.5,15.0
1213,13,2024-11-12,Stoke,Fulham,1,0,H,1.0833333333333333,1.4166666666666667,2.75,2.5,0.8,1.2,2.0,2.2,1,0,H,0.0,0.4,0.2,0.2,0.2,0.0,0.5340909090909091,0.574673202614379,M Oliver,12,8,3,5,14,11,7,2,1,1,0,0,2.2,3.3,3.4
1213,13,2024-11-12,Sunderland,West Brom,2,4,A,1.1666666666666667,1.5,1.9166666666666667,1.4166666666666667,0.8,0.8,1.6,1.2,0,2,A,0.2,0.4,0.0,0.0,0.2,0.2,0.40151515151515155,0.5392857142857143,M Dean,19,11,12,6,12,15,7,2,2,3,0,0,2.5,3.3,2.88
1213,13,2024-11-12,Wigan,Reading,3,2,H,1.1666666666666667,2.25,1.75,2.4166666666666665,1.0,1.6,1.0,1.0,0,1,A,0.4,0.6,0.2,0.0,0.4,0.2,0.5596078431372549,0.36626984126984125,H Webb,19,16,11,10,15,9,9,5,2,0,0,0,1.83,3.6,4.33
1213,13,2025-11-12,Chelsea,Man City,0,0,D,2.5,1.5,2.4166666666666665,1.0,2.6,2.0,2.0,0.4,0,0,D,0.2,0.6,0.2,0.4,0.0,0.2,0.718004101161996,0.4888888888888888,C Foy,5,11,1,7,9,16,6,11,0,3,0,0,2.5,3.5,2.7
1213,13,2025-11-12,Southampton,Newcastle,2,0,H,1.9166666666666667,3.3333333333333335,1.4166666666666667,1.75,1.2,2.0,1.0,1.2,1,0,H,0.0,0.4,0.4,0.2,0.4,0.0,0.5266955266955267,0.5226455026455026,M Atkinson,17,8,10,3,12,14,4,3,2,2,0,0,2.3,3.5,3.0
1213,13,2025-11-12,Swansea,Liverpool,0,0,D,1.75,1.75,2.0833333333333335,1.75,1.2,1.0,1.6,0.8,0,0,D,0.4,0.0,0.0,0.0,0.0,0.4,0.6288888888888889,0.527487922705314,J Moss,17,21,8,14,6,10,7,6,1,0,0,0,3.4,3.5,2.1
1213,13,2025-11-12,Tottenham,West Ham,3,1,H,2.3333333333333335,2.5833333333333335,1.5833333333333333,1.25,1.4,2.6,1.4,0.8,1,0,H,0.0,0.6,0.4,0.2,0.2,0.4,0.5657038613560352,0.5952777777777778,A Marriner,25,10,13,6,9,10,4,2,1,2,0,0,1.67,3.75,5.5
1213,13,2027-11-12,Aston Villa,Reading,1,0,H,0.9166666666666666,2.5,1.75,2.4166666666666665,0.8,1.8,1.0,1.0,0,0,D,0.2,0.2,0.0,0.0,0.4,0.2,0.7361904761904761,0.36626984126984125,L Probert,15,11,7,6,10,5,8,3,1,0,0,0,1.95,3.4,4.0
1213,14,2027-11-12,Sunderland,QPR,0,0,D,1.2307692307692308,1.6923076923076923,1.0,2.6153846153846154,1.2,1.6,0.6,1.8,0,0,D,0.2,0.4,0.2,0.4,0.4,0.2,0.42783094098883573,0.5761577808380878,A Marriner,13,13,8,9,10,15,5,8,1,3,0,0,2.25,3.25,3.3
1213,14,2028-11-12,Chelsea,Fulham,0,0,D,2.3076923076923075,1.3846153846153846,2.5384615384615383,2.4615384615384617,1.8,1.8,1.8,2.4,0,0,D,0.2,0.4,0.2,0.2,0.4,0.2,0.6280041011619959,0.6055555555555555,A Taylor,17,8,13,7,10,11,10,2,3,0,0,0,1.44,4.5,7.0
1213,14,2028-11-12,Everton,Arsenal,1,1,D,2.230769230769231,1.8461538461538463,2.076923076923077,1.4615384615384615,1.6,1.6,2.0,1.8,1,1,D,0.0,0.4,0.0,0.2,0.4,0.2,0.5678355957767722,0.7166300366300365,M Oliver,14,12,10,9,15,9,6,6,2,1,0,0,2.5,3.4,2.75
1213,14,2028-11-12,Man United,West Ham,1,0,H,3.1538461538461537,1.7692307692307692,1.6153846153846154,1.6153846153846154,2.2,1.4,0.8,1.2,1,0,H,0.2,0.0,0.2,0.0,0.4,0.6,0.5914393939393939,0.5375,M Jones,23,9,13,3,7,9,5,5,1,1,0,0,1.22,6.5,12.0
1213,14,2028-11-12,Southampton,Norwich,1,1,D,1.9230769230769231,3.076923076923077,1.0,1.9230769230769231,1.4,1.2,0.8,0.4,1,1,D,0.2,0.2,0.2,0.4,0.0,0.2,0.5716153127917833,0.47904761904761906,M Clattenburg,8,9,2,5,11,7,3,7,1,1,0,0,2,3.4,3.8
1213,14,2028-11-12,Stoke,Newcastle,2,1,H,1.0769230769230769,1.3076923076923077,1.3076923076923077,1.9230769230769231,0.6,0.4,0.8,1.4,0,0,D,0.2,0.2,0.0,0.0,0.6,0.2,0.4340909090909091,0.4576455026455026,H Webb,11,7,5,6,12,12,7,2,2,2,0,0,1.91,3.4,4.2
1213,14,2028-11-12,Swansea,West Brom,3,1,H,1.9230769230769231,1.6153846153846154,2.3846153846153846,1.6153846153846154,1.2,0.6,2.2,1.2,3,1,H,0.4,0.0,0.0,0.0,0.2,0.2,0.6563398692810458,0.5483766233766233,L Mason,13,6,8,2,10,16,5,2,0,4,0,0,2.3,3.4,3.1
1213,14,2028-11-12,Tottenham,Liverpool,2,1,H,2.3846153846153846,2.4615384615384617,1.9230769230769231,1.6153846153846154,1.6,2.0,1.4,0.8,2,0,H,0.2,0.4,0.2,0.2,0.0,0.2,0.5305734265734265,0.5477777777777777,P Dowd,14,14,7,9,4,14,1,12,1,2,0,0,2.4,3.4,2.88
1213,14,2028-11-12,Wigan,Man City,0,2,A,1.3076923076923077,2.230769230769231,2.230769230769231,0.9230769230769231,1.4,1.6,1.6,0.2,0,0,D,0.2,0.4,0.4,0.4,0.0,0.2,0.5353973168214654,0.4923520923520924,M Halsey,9,15,4,6,13,12,6,6,1,1,0,0,6,4.2,1.53
1213,14,2001-12-12,Arsenal,Swansea,0,2,A,2.076923076923077,1.3076923076923077,1.6153846153846154,1.6153846153846154,2.0,1.6,0.8,0.8,0,0,D,0.2,0.2,0.2,0.4,0.0,0.0,0.6643223443223444,0.6007843137254902,M Clattenburg,10,12,8,10,11,9,8,5,1,0,0,0,1.44,4.5,7.0
1213,15,2001-12-12,Fulham,Tottenham,0,3,A,2.357142857142857,2.2857142857142856,2.357142857142857,2.357142857142857,1.4,2.0,1.6,2.0,0,0,D,0.2,0.2,0.0,0.4,0.2,0.2,0.6555555555555556,0.5578461538461539,C Foy,8,10,2,6,10,8,2,1,0,2,0,0,2.88,3.3,2.5
1213,15,2001-12-12,Liverpool,Southampton,1,0,H,1.9285714285714286,1.7857142857142858,1.8571428571428572,2.9285714285714284,1.2,0.8,1.4,1.0,1,0,H,0.0,0.2,0.4,0.2,0.2,0.2,0.593015873015873,0.5125244037008743,M Oliver,24,8,11,4,10,8,10,4,2,0,0,0,1.4,4.5,8.5
1213,15,2001-12-12,Man City,Everton,1,1,D,2.357142857142857,0.8571428571428571,2.142857142857143,1.7857142857142858,1.8,0.2,1.4,1.4,1,1,D,0.4,0.0,0.2,0.0,0.2,0.0,0.47235209235209236,0.5953081232492997,L Probert,9,8,6,5,16,12,5,2,2,1,0,0,1.5,4.0,7.0
1213,15,2001-12-12,QPR,Aston Villa,1,1,D,0.9285714285714286,2.4285714285714284,0.8571428571428571,2.142857142857143,0.6,1.6,0.8,1.6,1,1,D,0.6,0.4,0.0,0.0,0.2,0.0,0.5646193192996263,0.6866666666666668,H Webb,17,7,12,3,5,6,11,4,1,2,0,0,1.95,3.5,4.0
1213,15,2001-12-12,Reading,Man United,3,4,A,1.5,2.2142857142857144,3.0,1.6428571428571428,0.8,1.0,1.8,1.0,3,4,A,0.2,0.4,0.2,0.2,0.0,0.2,0.38647186147186147,0.6111495388669301,M Halsey,10,10,7,5,10,12,6,1,1,1,0,0,7.5,4.75,1.4
1213,15,2001-12-12,West Brom,Stoke,0,1,A,2.357142857142857,1.9285714285714286,1.1428571428571428,1.2857142857142858,2.2,1.4,1.0,0.6,0,0,D,0.0,0.2,0.2,0.2,0.2,0.0,0.5150432900432901,0.4159090909090909,K Friend,14,6,11,4,8,15,5,5,0,3,0,0,2.1,3.25,3.75
1213,15,2001-12-12,West Ham,Chelsea,3,1,H,1.5,1.6428571428571428,2.142857142857143,1.2857142857142858,0.6,1.0,1.0,1.4,0,1,A,0.0,0.4,0.6,0.2,0.2,0.0,0.4575,0.6536725503598568,M Atkinson,16,16,13,9,15,6,14,5,1,2,0,0,4,3.5,1.91
1213,15,2002-12-12,Norwich,Sunderland,2,1,H,1.0714285714285714,1.9285714285714286,1.1428571428571428,1.5714285714285714,0.8,0.4,1.2,1.4,2,1,H,0.4,0.0,0.2,0.2,0.2,0.0,0.5044444444444445,0.5327260458839406,P Dowd,7,16,5,6,11,16,2,6,0,2,0,0,2.1,3.3,3.6
1213,15,2003-12-12,Newcastle,Wigan,3,0,H,1.3571428571428572,2.0714285714285716,1.2142857142857142,2.2142857142857144,0.6,1.6,1.0,1.8,2,0,H,0.2,0.6,0.2,0.2,0.4,0.2,0.5090740740740741,0.47134502923976607,M Jones,16,9,8,4,12,14,4,4,1,3,0,1,2,3.4,3.75
1213,15,2008-12-12,Arsenal,West Brom,2,0,H,2.0714285714285716,1.5,2.357142857142857,2.0,2.0,2.0,1.8,1.6,1,0,H,0.2,0.2,0.0,0.0,0.4,0.2,0.7618681318681318,0.5971861471861472,M Jones,16,7,7,2,11,12,7,4,2,3,0,0,1.5,4.33,6.5
1213,16,2008-12-12,Aston Villa,Stoke,0,0,D,0.9333333333333333,2.1333333333333333,1.2,1.2,0.8,1.8,1.2,0.4,0,0,D,0.2,0.2,0.0,0.4,0.2,0.0,0.639047619047619,0.47424242424242424,R East,9,1,5,0,8,13,3,2,0,1,0,1,2.4,3.2,3.1
1213,16,2008-12-12,Southampton,Reading,1,0,H,1.7333333333333334,2.8666666666666667,1.6,2.466666666666667,1.4,0.8,1.0,1.8,0,0,D,0.2,0.2,0.2,0.2,0.4,0.0,0.5014132925897632,0.44075757575757574,J Moss,18,6,9,2,11,10,7,4,0,0,0,0,1.91,3.6,4.0
1213,16,2008-12-12,Sunderland,Chelsea,1,3,A,1.2666666666666666,1.9333333333333333,2.1333333333333333,1.6,0.8,1.8,0.8,1.4,0,2,A,0.2,0.4,0.4,0.0,0.2,0.0,0.4672498554077501,0.6090296932169996,M Halsey,14,11,10,5,11,14,11,1,1,3,0,0,4.75,3.5,1.8
1213,16,2008-12-12,Swansea,Norwich,3,4,A,1.8666666666666667,1.4666666666666666,1.1333333333333333,1.8666666666666667,1.6,0.6,1.0,0.6,0,3,A,0.2,0.0,0.0,0.6,0.0,0.0,0.6238612368024132,0.513968253968254,H Webb,21,10,10,8,12,9,6,2,2,1,0,0,1.8,3.6,4.5
1213,16,2008-12-12,Wigan,QPR,2,2,D,1.1333333333333333,2.466666666666667,0.9333333333333333,2.3333333333333335,0.8,2.4,0.6,1.6,1,1,D,0.2,0.4,0.4,0.4,0.2,0.0,0.44594820384294065,0.6014479638009049,P Dowd,14,8,9,4,7,11,11,4,0,1,0,0,2.3,3.4,3.1
1213,16,2009-12-12,Everton,Tottenham,2,1,H,2.1333333333333333,1.8,2.6,2.2,1.2,1.2,2.2,1.8,0,0,D,0.2,0.2,0.0,0.4,0.0,0.0,0.6261904761904762,0.524,K Friend,17,8,11,6,10,9,4,4,2,2,0,0,2,3.5,3.75
1213,16,2009-12-12,Man City,Man United,2,3,A,2.2666666666666666,0.8666666666666667,3.3333333333333335,1.9333333333333333,2.0,0.4,2.2,1.4,0,2,A,0.4,0.0,0.0,0.2,0.0,0.2,0.5167965367965367,0.5838768115942028,M Atkinson,16,8,11,3,11,9,8,2,4,3,0,0,2.2,3.5,3.2
1213,16,2009-12-12,West Ham,Liverpool,2,3,A,1.6,1.6,1.8666666666666667,1.6666666666666667,1.2,1.2,1.2,0.6,2,1,H,0.0,0.4,0.6,0.2,0.2,0.2,0.5866666666666667,0.5646825396825397,L Probert,9,16,6,8,12,10,2,5,1,2,0,0,3,3.3,2.38
1213,16,2010-12-12,Fulham,Newcastle,2,1,H,2.2,2.3333333333333335,1.4666666666666666,1.9333333333333333,0.8,2.0,1.0,1.4,1,0,H,0.2,0.4,0.0,0.4,0.4,0.2,0.6055555555555555,0.549074074074074,L Mason,16,20,7,13,13,11,5,4,0,0,0,0,1.91,3.6,4.0
1213,16,2011-12-12,Sunderland,Reading,3,0,H,1.2666666666666666,1.9333333333333333,1.6,2.466666666666667,0.8,1.8,1.0,1.8,2,0,H,0.2,0.4,0.4,0.2,0.4,0.0,0.4672498554077501,0.44075757575757574,N Swarbrick,16,12,11,5,8,11,6,8,2,1,0,0,2,3.5,3.75
1213,17,2015-12-12,Liverpool,Aston Villa,1,3,A,2.1875,2.0,0.875,2.0,1.2,1.4,0.4,1.2,0,2,A,0.2,0.2,0.4,0.2,0.0,0.0,0.5843406593406593,0.6101587301587301,N Swarbrick,26,9,17,6,4,11,7,2,1,2,0,0,1.36,4.75,9.0
1213,17,2015-12-12,Man United,Sunderland,3,1,H,3.5,2.0625,1.375,1.8125,2.2,1.4,1.0,1.0,2,0,H,0.2,0.0,0.0,0.2,0.4,0.4,0.5713768115942028,0.47843406593406596,C Foy,15,13,6,10,13,10,9,9,0,0,0,0,1.2,6.5,15.0
1213,17,2015-12-12,Newcastle,Man City,1,3,A,1.5,2.0625,2.25,1.0,1.2,1.6,2.0,0.8,0,2,A,0.4,0.4,0.2,0.2,0.2,0.2,0.5505026455026455,0.5542965367965367,A Marriner,17,16,8,10,9,16,12,7,3,2,0,0,5.5,3.75,1.67
1213,17,2015-12-12,Norwich,Wigan,2,1,H,1.5625,2.125,1.1875,2.4375,1.8,1.2,1.0,2.4,1,0,H,0.4,0.0,0.0,0.0,0.2,0.4,0.6139682539682539,0.4888053467000836,L Probert,16,12,10,6,7,4,7,3,3,1,0,0,2.2,3.4,3.25
1213,17,2015-12-12,QPR,Fulham,2,1,H,1.125,2.4375,2.3125,2.5,1.0,1.8,0.6,1.4,0,0,D,0.4,0.0,0.0,0.4,0.4,0.0,0.6073303167420814,0.5375,M Atkinson,19,6,9,3,10,14,3,3,1,2,0,0,2.4,3.4,2.88
1213,17,2015-12-12,Stoke,Everton,1,1,D,1.125,1.125,2.125,1.75,1.0,0.4,1.2,1.2,0,1,A,0.6,0.0,0.0,0.2,0.0,0.0,0.3742424242424242,0.6306022408963585,M Halsey,14,9,8,5,11,13,4,8,1,0,0,0,3.1,3.2,2.4
1213,17,2016-12-12,Tottenham,Swansea,1,0,H,2.5625,2.3125,1.9375,1.625,2.2,1.8,2.0,1.2,0,0,D,0.6,0.2,0.0,0.0,0.2,0.2,0.6073333333333333,0.5990993320405085,M Dean,24,4,16,0,12,8,9,3,2,3,0,0,1.62,4.0,5.5
1213,17,2016-12-12,West Brom,West Ham,0,0,D,2.0625,2.0,1.625,1.6875,1.4,1.8,1.4,1.8,0,0,D,0.0,0.4,0.4,0.0,0.6,0.4,0.54004329004329,0.62,P Dowd,19,10,10,2,12,9,8,2,3,3,0,0,2,3.5,3.75
1213,17,2017-12-12,Reading,Arsenal,2,5,A,1.5,2.6875,1.9375,1.3125,0.6,1.8,2.2,1.6,0,3,A,0.2,0.4,0.2,0.4,0.2,0.0,0.39909090909090905,0.7636538461538462,A Taylor,7,25,5,17,8,4,3,7,1,1,0,0,5.5,4.0,1.62
1213,17,2022-12-12,Liverpool,Fulham,4,0,H,2.1875,2.0,2.3125,2.5,1.2,1.4,0.6,1.4,2,0,H,0.2,0.2,0.4,0.4,0.4,0.0,0.5843406593406593,0.5375,M Clattenburg,22,7,12,6,13,6,8,2,1,2,0,0,1.53,4.0,6.5
1213,18,2022-12-12,Man City,Reading,1,0,H,2.4705882352941178,1.0588235294117647,1.5294117647058822,2.823529411764706,1.6,1.0,1.0,2.6,0,0,D,0.0,0.2,0.2,0.0,0.4,0.4,0.6031060606060606,0.43285714285714283,M Dean,17,6,10,1,11,15,12,3,2,3,0,0,1.14,8.0,19.0
1213,18,2022-12-12,Newcastle,QPR,1,0,H,1.4705882352941178,2.1176470588235294,1.1764705882352942,2.3529411764705883,1.2,1.8,1.2,1.4,0,0,D,0.4,0.4,0.2,0.2,0.0,0.0,0.570546218487395,0.594374851155037,K Friend,18,5,8,4,9,16,10,3,3,2,0,0,2.1,3.4,3.5
1213,18,2022-12-12,Southampton,Sunderland,0,1,A,1.588235294117647,2.5294117647058822,1.411764705882353,2.0588235294117645,1.4,0.6,1.2,1.6,0,1,A,0.0,0.2,0.2,0.2,0.4,0.4,0.5105042016806722,0.5092032967032967,H Webb,13,10,7,6,11,15,8,5,0,3,0,0,2,3.5,3.75
1213,18,2022-12-12,Tottenham,Stoke,0,0,D,2.4705882352941178,2.176470588235294,1.1176470588235294,1.1176470588235294,2.0,0.8,1.0,0.4,0,0,D,0.4,0.2,0.0,0.4,0.0,0.2,0.6073333333333333,0.3885281385281385,L Mason,21,4,14,2,8,11,11,4,2,5,0,0,1.62,3.75,6.0
1213,18,2022-12-12,West Brom,Norwich,2,1,H,1.9411764705882353,1.8823529411764706,1.588235294117647,2.0588235294117645,1.0,1.6,2.0,1.4,1,1,D,0.0,0.2,0.2,0.4,0.0,0.0,0.4953064479380268,0.638968253968254,M Atkinson,12,10,8,4,14,9,6,5,1,1,0,0,1.91,3.6,4.0
1213,18,2022-12-12,West Ham,Everton,1,2,A,1.5294117647058822,1.588235294117647,2.1176470588235294,1.7647058823529411,1.2,1.6,1.2,1.0,1,0,H,0.2,0.4,0.2,0.2,0.2,0.0,0.5225000000000001,0.6369514472455649,A Taylor,6,15,5,8,12,8,3,5,1,0,1,1,2.88,3.25,2.5
1213,18,2022-12-12,Wigan,Arsenal,0,1,A,1.2352941176470589,2.5294117647058822,2.411764705882353,1.4705882352941178,1.2,2.2,2.6,1.4,0,0,D,0.0,0.2,0.4,0.4,0.2,0.0,0.5221386800334169,0.7796538461538461,J Moss,13,10,5,8,14,8,4,4,1,1,0,0,4.75,3.75,1.73
1213,18,2023-12-12,Chelsea,Aston Villa,8,0,H,2.235294117647059,1.5294117647058822,1.1764705882352942,2.0,1.2,1.4,1.0,0.4,3,0,H,0.0,0.0,0.0,0.2,0.0,0.0,0.5726660568533634,0.5834920634920635,P Dowd,24,7,18,4,6,11,8,4,0,0,0,0,1.33,5.5,8.5
1213,18,2023-12-12,Swansea,Man United,1,1,D,1.8235294117647058,1.6470588235294117,3.4705882352941178,2.0,1.6,1.2,2.8,1.4,1,1,D,0.2,0.4,0.2,0.2,0.0,0.0,0.4790993320405085,0.5013768115942029,M Oliver,14,19,10,16,11,16,3,6,2,4,0,0,5,4.0,1.67
1213,18,2026-12-12,Aston Villa,Tottenham,0,4,A,1.1764705882352942,2.9411764705882355,2.4705882352941178,2.176470588235294,1.0,2.0,1.4,0.6,0,0,D,0.2,0.2,0.2,0.2,0.2,0.0,0.5377777777777778,0.6366666666666666,M Clattenburg,4,20,1,16,11,7,2,16,1,0,0,0,3.75,3.5,2.0
1213,19,2026-12-12,Everton,Wigan,2,1,H,2.2222222222222223,1.7777777777777777,1.2777777777777777,2.6666666666666665,1.4,1.0,0.8,2.0,0,0,D,0.2,0.2,0.2,0.2,0.6,0.2,0.615046685340803,0.5143833943833944,L Mason,17,10,9,6,10,11,11,2,1,3,0,0,1.44,4.5,7.0
1213,19,2026-12-12,Fulham,Southampton,1,1,D,2.0555555555555554,2.6666666666666665,1.5,2.4444444444444446,0.6,2.0,0.8,0.6,1,0,H,0.4,0.4,0.2,0.0,0.2,0.2,0.5839285714285715,0.4753393665158371,M Oliver,10,7,2,3,14,12,3,5,3,0,0,0,1.85,3.6,4.2
1213,19,2026-12-12,Man United,Newcastle,4,3,H,3.388888888888889,2.0,1.7777777777777777,2.4444444444444446,2.4,1.4,1.8,1.8,1,2,A,0.2,0.0,0.0,0.2,0.2,0.0,0.5364645308924485,0.5505065359477124,M Dean,16,16,10,11,12,16,2,2,3,3,0,0,1.22,6.5,13.0
1213,19,2026-12-12,Norwich,Chelsea,0,1,A,1.6111111111111112,2.1666666666666665,2.5555555555555554,1.4444444444444444,2.0,1.6,2.6,1.2,0,1,A,0.4,0.2,0.0,0.2,0.0,0.0,0.618968253968254,0.6726660568533633,J Moss,8,20,4,11,7,7,5,7,1,1,0,0,6,3.75,1.62
1213,19,2026-12-12,QPR,West Brom,1,2,A,1.1111111111111112,2.3333333333333335,1.9444444444444444,1.8333333333333333,1.0,1.0,0.6,1.4,0,1,A,0.4,0.2,0.0,0.0,0.2,0.2,0.634374851155037,0.5195488721804511,C Foy,18,12,8,6,9,10,14,9,1,0,0,0,2.2,3.4,3.25
1213,19,2026-12-12,Reading,Swansea,0,0,D,1.4444444444444444,2.7777777777777777,1.7777777777777777,1.6111111111111112,0.4,2.0,1.8,1.4,0,0,D,0.2,0.4,0.2,0.2,0.4,0.2,0.32619047619047625,0.527838827838828,M Jones,3,10,2,4,14,17,6,4,2,1,0,0,2.9,3.4,2.38
1213,19,2026-12-12,Stoke,Liverpool,3,1,H,1.0555555555555556,1.0555555555555556,2.1666666666666665,1.7777777777777777,0.8,0.4,2.0,1.4,2,1,H,0.4,0.0,0.2,0.2,0.2,0.4,0.43852813852813843,0.5600982350982351,H Webb,7,12,6,6,11,5,6,8,3,1,0,0,3.4,3.2,2.25
1213,19,2026-12-12,Sunderland,Man City,1,0,H,1.4444444444444444,1.9444444444444444,2.388888888888889,1.0,1.2,1.2,1.8,1.0,0,0,D,0.4,0.4,0.4,0.0,0.2,0.2,0.5542032967032967,0.5934803921568628,K Friend,12,19,6,12,14,16,3,7,1,3,0,0,6.5,4.0,1.53
1213,19,2029-12-12,Arsenal,Newcastle,7,3,H,2.388888888888889,1.3888888888888888,1.7777777777777777,2.4444444444444446,1.8,1.0,1.8,1.8,1,1,D,0.4,0.0,0.0,0.2,0.2,0.0,0.7858076923076924,0.5505065359477124,C Foy,16,10,12,8,8,10,5,6,0,1,0,0,1.44,4.5,7.0
1213,19,2029-12-12,Aston Villa,Wigan,0,3,A,1.1111111111111112,3.0,1.2777777777777777,2.6666666666666665,0.8,2.8,0.8,2.0,0,1,A,0.0,0.4,0.2,0.2,0.6,0.2,0.49444444444444446,0.5143833943833944,K Friend,11,9,4,6,16,8,4,3,3,2,0,0,2.4,3.25,3.0
1213,20,2029-12-12,Fulham,Swansea,1,2,A,2.0,2.5789473684210527,1.6842105263157894,1.5263157894736843,0.8,2.2,1.4,1.4,0,1,A,0.4,0.6,0.2,0.4,0.2,0.0,0.44892857142857145,0.4411721611721612,A Marriner,22,10,13,9,14,12,9,8,2,1,0,0,2.1,3.4,3.5
1213,20,2029-12-12,Man United,West Brom,2,0,H,3.4210526315789473,2.0526315789473686,2.0526315789473686,1.8421052631578947,3.0,2.0,0.8,1.0,1,0,H,0.2,0.0,0.2,0.0,0.0,0.0,0.5484210526315789,0.5528822055137844,J Moss,17,13,14,9,9,7,9,6,1,0,0,0,1.3,5.5,10.0
1213,20,2029-12-12,Norwich,Man City,3,4,A,1.5263157894736843,2.1052631578947367,2.4210526315789473,1.0526315789473684,1.8,1.6,1.8,1.0,1,2,A,0.2,0.4,0.2,0.4,0.2,0.0,0.6078571428571429,0.6123452012383901,M Jones,13,13,8,9,8,10,4,9,3,1,0,1,6,4.0,1.57
1213,20,2029-12-12,Reading,West Ham,1,0,H,1.368421052631579,2.6315789473684212,1.4210526315789473,1.5263157894736843,0.4,1.8,1.2,1.4,1,0,H,0.2,0.4,0.2,0.2,0.4,0.2,0.3928571428571429,0.5691666666666667,M Oliver,3,11,2,3,17,10,2,2,3,4,0,0,2.88,3.25,2.5
1213,20,2029-12-12,Stoke,Southampton,3,3,D,1.1578947368421053,1.368421052631579,1.5789473684210527,2.473684210526316,0.8,1.0,0.6,0.8,1,3,A,0.2,0.2,0.4,0.0,0.2,0.4,0.5357142857142857,0.5267399267399268,M Clattenburg,10,8,8,7,6,9,7,4,1,2,1,0,1.8,3.5,4.75
1213,20,2029-12-12,Sunderland,Tottenham,1,2,A,1.4210526315789473,1.8421052631578947,2.6315789473684212,1.9473684210526316,1.2,0.6,1.8,0.4,1,0,H,0.2,0.2,0.2,0.2,0.0,0.0,0.5113461538461539,0.6966666666666667,L Mason,9,18,6,14,9,15,3,8,1,3,0,0,3.5,3.4,2.1
1213,20,1930-12-12,Everton,Chelsea,1,2,A,2.210526315789474,1.736842105263158,2.526315789473684,1.368421052631579,1.6,1.0,2.6,0.8,1,1,D,0.2,0.0,0.2,0.4,0.0,0.0,0.5780718954248366,0.656350267379679,H Webb,12,15,6,10,14,12,7,7,2,3,0,0,2.88,3.3,2.5
1213,20,1930-12-12,QPR,Liverpool,0,3,A,1.105263157894737,2.3157894736842106,2.1578947368421053,2.0,1.2,1.4,2.0,1.6,0,3,A,0.4,0.4,0.2,0.2,0.4,0.6,0.5848022015823874,0.5315268065268065,A Taylor,14,16,7,11,10,8,1,9,2,1,0,0,4,3.5,1.91
1213,20,2001-01-13,Man City,Stoke,3,0,H,2.263157894736842,1.0526315789473684,1.1578947368421053,1.0526315789473684,1.4,1.2,1.0,0.4,1,0,H,0.2,0.4,0.2,0.4,0.0,0.2,0.639796181630547,0.5190476190476191,M Oliver,17,4,9,3,6,9,7,2,2,2,0,0,1.29,5.5,11.0
1213,20,2001-01-13,Southampton,Arsenal,1,1,D,1.5263157894736843,2.4210526315789473,2.6315789473684212,1.4736842105263157,0.6,0.8,3.2,1.6,1,1,D,0.0,0.2,0.4,0.2,0.0,0.0,0.44340659340659333,0.8435,L Probert,9,6,6,4,9,6,3,3,2,0,0,0,5,3.75,1.7
1213,21,2001-01-13,Swansea,Aston Villa,2,2,D,1.8,1.55,1.0,2.85,1.2,1.4,0.6,3.2,1,1,D,0.2,0.2,0.0,0.0,0.4,0.2,0.4980952380952381,0.4814574314574315,M Halsey,23,8,13,6,7,15,3,2,0,4,0,0,1.57,4.0,6.0
1213,21,2001-01-13,Tottenham,Reading,3,1,H,2.7,1.95,1.35,2.5,1.6,0.6,0.6,1.2,1,1,D,0.2,0.0,0.2,0.4,0.2,0.0,0.7322222222222221,0.4428571428571428,H Webb,30,7,20,4,9,9,12,3,0,0,0,0,1.33,5.0,10.0
1213,21,2001-01-13,West Brom,Fulham,1,2,A,1.95,1.95,1.95,2.55,0.8,1.2,1.0,2.0,0,1,A,0.0,0.2,0.2,0.2,0.6,0.2,0.5342008868324658,0.5171103896103897,M Dean,17,10,10,5,14,6,10,5,0,0,0,0,2,3.5,3.75
1213,21,2001-01-13,West Ham,Norwich,2,1,H,1.35,1.55,1.6,2.2,1.2,1.4,2.0,2.2,2,0,H,0.2,0.4,0.2,0.0,0.4,0.4,0.5570454545454545,0.5880769230769232,M Clattenburg,14,9,8,3,14,7,11,3,0,0,0,0,2.1,3.4,3.5
1213,21,2001-01-13,Wigan,Man United,0,4,A,1.45,2.4,3.35,1.95,1.4,1.4,2.6,1.4,0,2,A,0.2,0.4,0.2,0.2,0.0,0.2,0.5588278388278388,0.6131269349845201,A Marriner,7,14,3,9,13,5,1,6,1,1,0,0,6,4.2,1.53
1213,21,2002-01-13,Chelsea,QPR,0,1,A,2.6,1.4,1.05,2.35,3.0,1.0,1.0,1.8,0,0,D,0.6,0.0,0.0,0.2,0.4,0.4,0.7496836007130125,0.5436257309941521,L Mason,23,8,11,5,12,8,14,2,1,1,0,0,1.2,6.5,15.0
1213,21,2002-01-13,Liverpool,Sunderland,3,0,H,2.35,1.9,1.4,1.85,2.4,1.6,0.8,1.0,2,0,H,0.2,0.4,0.4,0.0,0.4,0.2,0.5773601398601398,0.5071794871794871,P Dowd,27,6,16,5,8,5,9,5,0,1,0,0,1.4,4.5,8.5
1213,21,2002-01-13,Newcastle,Everton,1,2,A,1.9,2.9,2.15,1.75,1.8,3.2,1.6,1.2,1,1,D,0.2,0.4,0.0,0.0,0.2,0.2,0.6105065359477123,0.5530718954248366,M Atkinson,14,7,11,6,21,7,4,6,3,2,0,0,3,3.4,2.38
1213,21,2012-01-13,Aston Villa,Southampton,0,1,A,1.2,3.05,1.8,2.65,1.0,3.6,1.2,1.2,0,1,A,0.2,0.2,0.2,0.0,0.2,0.2,0.5203463203463203,0.6017399267399267,M Halsey,16,11,10,4,9,6,9,5,1,1,0,0,2.55,3.5,2.9
1213,21,2012-01-13,Everton,Swansea,0,0,D,2.35,1.85,1.9,1.65,1.6,1.2,1.0,1.0,0,0,D,0.2,0.2,0.0,0.0,0.0,0.0,0.5950887021475257,0.5159006211180124,P Dowd,16,4,8,2,13,9,7,1,1,4,0,0,1.57,4.2,6.5
1213,22,2012-01-13,Fulham,Wigan,1,1,D,2.0476190476190474,2.5238095238095237,1.380952380952381,2.4761904761904763,1.0,2.0,1.0,1.8,1,0,H,0.2,0.4,0.2,0.0,0.4,0.2,0.5296103896103896,0.5159706959706959,M Clattenburg,14,15,5,6,8,15,6,8,0,1,0,0,2.05,3.5,4.0
1213,22,2012-01-13,Norwich,Newcastle,0,0,D,1.619047619047619,2.2857142857142856,1.8571428571428572,2.857142857142857,1.4,2.0,1.8,3.2,0,0,D,0.0,0.6,0.6,0.2,0.6,0.0,0.4947435897435898,0.6376493930905696,A Taylor,12,9,3,4,5,6,5,4,0,1,0,0,2.2,3.6,3.4
1213,22,2012-01-13,QPR,Tottenham,0,0,D,1.0952380952380953,2.238095238095238,2.7142857142857144,1.9047619047619047,0.8,1.4,2.0,0.4,0,0,D,0.2,0.4,0.4,0.2,0.0,0.2,0.568625730994152,0.7155555555555555,L Probert,4,16,1,8,10,7,2,6,1,1,0,0,4.5,3.8,1.85
1213,22,2012-01-13,Reading,West Brom,3,2,H,1.380952380952381,2.6666666666666665,1.9047619047619047,1.9523809523809523,0.4,0.8,1.0,1.2,0,1,A,0.4,0.4,0.0,0.0,0.2,0.2,0.41428571428571426,0.5947050885131381,K Friend,7,11,7,6,6,13,8,4,1,1,0,0,3,3.4,2.5
1213,22,2012-01-13,Stoke,Chelsea,0,4,A,1.1904761904761905,1.380952380952381,2.4761904761904763,1.380952380952381,1.4,1.6,3.0,1.2,0,1,A,0.2,0.2,0.4,0.4,0.2,0.0,0.6957142857142857,0.6923945981554678,A Marriner,11,11,5,9,13,9,6,7,1,0,0,0,4.33,3.5,1.95
1213,22,2012-01-13,Sunderland,West Ham,3,0,H,1.3333333333333333,2.0476190476190474,1.380952380952381,1.5238095238095237,0.6,1.0,1.0,1.4,1,0,H,0.0,0.6,0.4,0.2,0.2,0.0,0.52,0.5088311688311689,N Swarbrick,18,9,14,4,10,13,4,6,0,3,0,0,2.38,3.3,3.3
1213,22,2013-01-13,Arsenal,Man City,0,2,A,2.4761904761904763,1.4285714285714286,2.5714285714285716,1.2380952380952381,3.4,1.4,2.2,1.0,0,2,A,0.4,0.0,0.0,0.2,0.0,0.0,0.8168333333333335,0.6133067396999285,M Dean,9,16,4,9,11,18,2,7,2,4,1,1,2.63,3.5,2.8
1213,22,2013-01-13,Man United,Liverpool,2,1,H,3.5714285714285716,1.8571428571428572,2.380952380952381,1.8095238095238095,2.8,1.0,2.4,1.2,1,0,H,0.4,0.0,0.2,0.4,0.2,0.2,0.6666983635559487,0.5958786583786584,H Webb,15,12,10,5,14,16,3,1,1,4,0,0,1.91,3.8,4.2
1213,22,2016-01-13,Chelsea,Southampton,2,2,D,2.857142857142857,1.380952380952381,1.8095238095238095,2.5238095238095237,3.6,0.6,1.2,1.2,2,0,H,0.4,0.2,0.0,0.2,0.2,0.2,0.7435309617918314,0.5744671994671995,M Oliver,19,7,10,3,10,11,4,3,1,0,0,0,1.25,6.5,15.0
1213,22,2019-01-13,Liverpool,Norwich,5,0,H,2.4761904761904763,2.0,1.619047619047619,2.2857142857142856,2.4,1.0,1.0,1.8,2,0,H,0.4,0.2,0.2,0.0,0.4,0.4,0.5484427609427609,0.41974358974358966,M Oliver,17,5,10,3,10,8,10,4,1,1,0,0,1.33,5.5,10.5
1213,23,2019-01-13,Man City,Fulham,2,0,H,2.6363636363636362,1.1818181818181819,2.0,2.4545454545454546,2.0,0.8,1.0,1.8,1,0,H,0.4,0.0,0.0,0.0,0.4,0.2,0.6008067396999286,0.5010389610389611,J Moss,20,3,11,0,12,6,1,2,1,2,0,0,1.25,6.5,14.0
1213,23,2019-01-13,Newcastle,Reading,1,2,A,1.7727272727272727,2.727272727272727,1.4545454545454546,2.6363636363636362,1.6,2.6,1.0,1.0,1,0,H,0.2,0.4,0.0,0.2,0.2,0.2,0.6324206349206349,0.5809523809523809,A Marriner,15,6,10,2,9,10,6,2,2,3,0,0,1.75,4.0,5.0
1213,23,2019-01-13,Swansea,Stoke,3,1,H,1.7272727272727273,1.5,1.1363636363636365,1.5,1.0,0.8,1.2,2.2,0,0,D,0.2,0.0,0.0,0.2,0.2,0.4,0.6159006211180124,0.6723376623376625,M Dean,12,7,6,2,11,9,7,6,0,0,0,0,2.2,3.4,3.6
1213,23,2019-01-13,West Brom,Aston Villa,2,2,D,2.0,2.1363636363636362,1.0909090909090908,2.8181818181818183,1.4,1.8,0.4,3.6,0,2,A,0.0,0.4,0.2,0.2,0.4,0.4,0.5985328397093103,0.512012987012987,L Probert,25,11,9,7,8,10,8,8,3,3,0,0,1.75,4.0,5.0
1213,23,2019-01-13,West Ham,QPR,1,1,D,1.3181818181818181,1.7272727272727273,1.0454545454545454,2.1363636363636362,0.6,1.4,0.4,1.2,0,1,A,0.2,0.4,0.2,0.2,0.2,0.2,0.4643867243867244,0.5238888888888888,H Webb,22,9,13,6,6,11,12,2,1,0,0,0,2.1,3.5,3.75
1213,23,2019-01-13,Wigan,Sunderland,2,3,A,1.4090909090909092,2.4545454545454546,1.4090909090909092,1.9545454545454546,1.0,1.6,1.0,1.0,1,3,A,0.0,0.4,0.4,0.2,0.4,0.2,0.4959706959706959,0.5555555555555556,A Taylor,20,10,11,5,10,16,9,0,3,2,0,0,2.15,3.4,3.8
1213,23,2020-01-13,Chelsea,Arsenal,2,1,H,2.8181818181818183,1.4090909090909092,2.3636363636363638,1.4545454545454546,3.4,0.8,3.2,1.6,2,0,H,0.4,0.2,0.0,0.2,0.2,0.2,0.7578850287774773,0.7557222222222222,M Atkinson,13,12,8,8,10,11,3,9,2,1,0,0,1.91,3.6,4.0
1213,23,2020-01-13,Tottenham,Man United,1,1,D,2.590909090909091,1.8181818181818181,3.5,1.8181818181818181,1.8,0.4,2.6,1.0,0,1,A,0.4,0.0,0.0,0.6,0.0,0.0,0.6822222222222222,0.7200316968892819,C Foy,23,6,18,4,7,14,9,4,1,4,0,0,2.9,3.6,2.5
1213,23,2021-01-13,Southampton,Everton,0,0,D,1.9090909090909092,2.590909090909091,2.1363636363636362,1.6818181818181819,1.6,1.4,1.4,1.0,0,0,D,0.0,0.2,0.2,0.0,0.2,0.0,0.5524891774891774,0.5839775910364146,N Swarbrick,14,10,11,7,14,11,10,6,2,1,0,0,3.6,3.5,2.05
1213,23,2023-01-13,Arsenal,West Ham,5,1,H,2.4545454545454546,1.6363636363636365,1.3636363636363635,1.7727272727272727,3.0,2.0,0.8,1.6,1,1,D,0.2,0.4,0.4,0.0,0.2,0.4,0.8015555555555556,0.5425685425685425,A Marriner,23,7,17,5,9,10,13,5,0,1,0,0,1.44,4.75,8.0
1213,24,2029-01-13,Aston Villa,Newcastle,1,2,A,1.2173913043478262,2.869565217391304,1.7391304347826086,2.6956521739130435,0.8,2.4,1.6,3.0,0,2,A,0.2,0.4,0.2,0.2,0.4,0.0,0.525,0.6768650793650793,M Dean,10,10,4,7,16,9,3,4,5,2,0,0,2.9,3.4,2.6
1213,24,2029-01-13,QPR,Man City,0,0,D,1.0869565217391304,2.130434782608696,2.608695652173913,1.1304347826086956,0.6,1.2,2.2,0.8,0,0,D,0.2,0.4,0.2,0.4,0.0,0.0,0.49722222222222223,0.5931596808763991,P Dowd,5,15,3,7,9,9,2,10,2,2,0,0,7.5,4.5,1.5
1213,24,2029-01-13,Stoke,Wigan,2,2,D,1.173913043478261,1.6956521739130435,1.434782608695652,2.4782608695652173,1.4,2.8,1.4,2.0,1,0,H,0.2,0.4,0.2,0.0,0.4,0.6,0.6294805194805195,0.5290476190476191,M Jones,9,11,4,6,12,10,0,1,1,1,0,0,2.2,3.3,3.75
1213,24,2029-01-13,Sunderland,Swansea,0,0,D,1.608695652173913,2.0434782608695654,1.7826086956521738,1.4782608695652173,1.4,1.4,1.4,0.8,0,0,D,0.2,0.2,0.2,0.2,0.0,0.0,0.5555555555555556,0.5730434782608695,A Marriner,4,18,2,8,11,11,3,4,1,2,0,0,2.5,3.4,3.0
1213,24,1930-01-13,Arsenal,Liverpool,2,2,D,2.5652173913043477,1.608695652173913,2.4782608695652173,1.826086956521739,3.0,1.8,2.6,1.0,0,1,A,0.2,0.2,0.2,0.4,0.2,0.2,0.8133816425120773,0.5569989106753812,K Friend,14,10,6,5,9,11,8,6,3,1,0,0,2.4,3.5,3.1
1213,24,1930-01-13,Everton,West Brom,2,1,H,2.0434782608695654,1.608695652173913,2.0,2.130434782608696,1.0,0.8,1.4,2.0,2,0,H,0.2,0.2,0.0,0.0,0.2,0.2,0.6173109243697479,0.5371995063759769,M Oliver,11,7,4,4,9,14,5,2,0,2,0,0,1.6,4.1,6.5
1213,24,1930-01-13,Fulham,West Ham,3,1,H,1.9130434782608696,2.5217391304347827,1.391304347826087,2.130434782608696,1.0,1.4,0.8,2.2,1,0,H,0.0,0.4,0.2,0.2,0.4,0.4,0.32961038961038963,0.5187590187590188,C Foy,13,8,6,4,8,9,2,8,2,0,0,0,2.2,3.5,3.5
1213,24,1930-01-13,Man United,Southampton,2,1,H,3.4347826086956523,1.826086956521739,1.826086956521739,2.4782608695652173,2.6,1.0,1.4,1.2,2,1,H,0.4,0.2,0.0,0.0,0.2,0.2,0.6849439775910364,0.6239177489177489,L Mason,11,21,7,10,10,10,4,8,2,1,0,0,1.25,6.5,14.0
1213,24,1930-01-13,Norwich,Tottenham,1,1,D,1.4782608695652173,2.5217391304347827,2.5217391304347827,1.7826086956521738,0.8,2.4,2.0,0.6,1,0,H,0.0,0.4,0.4,0.4,0.0,0.2,0.4597435897435897,0.7054106280193236,N Swarbrick,8,12,4,7,13,14,3,6,4,1,0,0,4.75,3.75,1.83
1213,24,1930-01-13,Reading,Chelsea,2,2,D,1.565217391304348,2.608695652173913,2.782608695652174,1.391304347826087,1.4,1.2,2.2,1.0,0,1,A,0.0,0.0,0.4,0.4,0.2,0.0,0.5142857142857143,0.7309619518544004,M Halsey,5,14,2,5,8,20,0,6,1,2,0,0,7.5,4.5,1.5
1213,25,2002-02-13,Arsenal,Stoke,1,0,H,2.5416666666666665,1.625,1.2083333333333333,1.7083333333333333,3.2,2.2,1.2,3.0,0,0,D,0.2,0.2,0.4,0.2,0.6,0.2,0.7390959282263629,0.5469408369408368,C Foy,15,6,9,2,3,13,11,1,0,3,0,0,1.44,4.5,9.0
1213,25,2002-02-13,Everton,Aston Villa,3,3,D,2.0416666666666665,1.5833333333333333,1.2083333333333333,2.8333333333333335,1.0,0.8,1.0,2.0,1,2,A,0.4,0.2,0.0,0.2,0.4,0.2,0.5841558441558441,0.5549999999999999,M Jones,22,8,13,4,6,23,15,2,1,4,0,0,1.4,5.0,9.0
1213,25,2002-02-13,Fulham,Man United,0,1,A,1.9583333333333333,2.4583333333333335,3.375,1.7916666666666667,1.4,1.4,2.2,0.6,0,0,D,0.2,0.2,0.0,0.4,0.2,0.0,0.38191808191808196,0.6872167048637636,K Friend,15,13,8,8,8,15,5,8,1,1,0,0,5.5,4.2,1.65
1213,25,2002-02-13,Newcastle,Chelsea,3,2,H,1.8333333333333333,2.6666666666666665,2.8333333333333335,1.5,1.4,2.4,2.4,1.4,1,0,H,0.0,0.2,0.0,0.2,0.4,0.0,0.6793650793650793,0.6923905232829718,H Webb,19,12,13,6,11,5,5,4,2,3,0,0,4,3.6,2.0
1213,25,2002-02-13,QPR,Norwich,0,0,D,1.0416666666666667,2.0416666666666665,1.4583333333333333,2.4583333333333335,0.4,0.8,1.0,2.4,0,0,D,0.2,0.2,0.0,0.0,0.4,0.2,0.5283333333333333,0.4597435897435897,J Moss,15,14,7,9,6,20,10,8,2,5,0,0,1.95,3.6,4.33
1213,25,2002-02-13,Reading,Sunderland,2,1,H,1.5833333333333333,2.5833333333333335,1.5416666666666667,1.9583333333333333,1.6,1.6,1.2,1.0,1,1,D,0.0,0.0,0.6,0.2,0.2,0.2,0.4609523809523809,0.5222222222222223,L Mason,9,10,5,6,12,15,6,8,1,3,0,0,2.5,3.4,3.0
1213,25,2002-02-13,West Ham,Swansea,1,0,H,1.4166666666666667,2.2916666666666665,1.7083333333333333,1.4166666666666667,1.0,2.6,1.4,0.8,0,0,D,0.2,0.4,0.4,0.2,0.0,0.0,0.5642135642135642,0.5819323671497585,L Probert,18,11,9,7,7,9,5,3,1,1,0,0,2.4,3.4,3.2
1213,25,2002-02-13,Wigan,Southampton,2,2,D,1.5416666666666667,2.5416666666666665,1.8333333333333333,2.5416666666666665,1.6,2.0,1.4,1.4,1,0,H,0.0,0.2,0.6,0.0,0.4,0.2,0.5181385281385281,0.5858225108225109,A Marriner,5,15,3,7,6,16,8,5,0,2,0,0,2.2,3.5,3.5
1213,25,2003-02-13,Man City,Liverpool,2,2,D,2.5,1.0833333333333333,2.5416666666666665,1.9166666666666667,2.2,0.6,2.8,0.8,1,1,D,0.4,0.0,0.0,0.4,0.4,0.2,0.5601772247360483,0.5569989106753812,A Taylor,9,21,5,12,14,7,9,10,2,4,0,0,1.83,3.9,4.5
1213,25,2003-02-13,West Brom,Tottenham,0,1,A,2.0,2.2083333333333335,2.5,1.7916666666666667,1.2,2.2,1.4,0.8,0,0,D,0.0,0.4,0.4,0.2,0.0,0.4,0.5514852206616911,0.6620772946859904,M Clattenburg,4,21,3,13,9,9,2,17,1,0,1,0,3.6,3.4,2.2
1213,26,2009-02-13,Chelsea,Wigan,4,1,H,2.88,1.68,1.56,2.52,2.4,1.8,1.4,2.4,1,0,H,0.2,0.4,0.2,0.0,0.4,0.4,0.6590571899496385,0.5048051948051948,M Dean,25,13,17,10,9,13,10,6,1,2,0,0,1.36,5.5,9.5
1213,26,2009-02-13,Norwich,Fulham,0,0,D,1.4,2.36,1.88,2.4,0.4,1.6,1.2,1.2,0,0,D,0.2,0.4,0.2,0.2,0.4,0.0,0.4652380952380952,0.37040293040293043,H Webb,15,7,8,5,10,16,3,4,2,2,0,0,2.3,3.4,3.4
1213,26,2009-02-13,Southampton,Man City,3,1,H,1.92,2.6,2.48,1.12,1.2,1.2,2.0,1.0,2,1,H,0.0,0.2,0.4,0.4,0.0,0.0,0.5041558441558441,0.5654059829059829,M Atkinson,13,7,7,4,9,13,6,6,1,2,0,0,5.75,4.0,1.67
1213,26,2009-02-13,Stoke,Reading,2,1,H,1.16,1.72,1.6,2.52,1.2,2.6,1.8,1.2,0,0,D,0.4,0.6,0.2,0.0,0.0,0.4,0.46360750360750363,0.45777777777777773,M Oliver,13,5,10,4,7,4,11,3,2,0,0,0,1.91,3.5,4.6
1213,26,2009-02-13,Sunderland,Arsenal,0,1,A,1.56,2.04,2.48,1.56,1.4,0.8,2.0,1.6,0,1,A,0.4,0.2,0.0,0.0,0.0,0.2,0.47555555555555556,0.7090959282263629,A Taylor,12,18,7,9,6,13,11,2,3,2,0,1,4.5,3.6,1.91
1213,26,2009-02-13,Swansea,QPR,4,1,H,1.64,1.44,1.0,1.96,1.0,0.8,0.4,0.2,2,0,H,0.2,0.2,0.0,0.2,0.0,0.0,0.5292050944224858,0.5216666666666667,N Swarbrick,13,14,12,8,10,9,5,2,1,3,0,0,1.83,3.75,4.75
1213,26,2009-02-13,Tottenham,Newcastle,2,1,H,2.48,1.72,1.88,2.64,1.2,0.6,1.4,1.4,1,1,D,0.4,0.0,0.2,0.2,0.2,0.0,0.6303312629399586,0.6562071846282371,P Dowd,16,9,9,7,5,11,11,5,0,2,0,0,1.67,4.0,5.75
1213,26,2010-02-13,Aston Villa,West Ham,2,1,H,1.4,2.96,1.4,2.2,1.6,2.0,0.8,2.4,0,0,D,0.2,0.4,0.2,0.2,0.4,0.4,0.5822727272727273,0.5499278499278499,M Clattenburg,7,13,2,7,15,12,4,10,3,2,0,0,2.63,3.4,2.88
1213,26,2010-02-13,Man United,Everton,2,0,H,3.32,1.72,2.08,1.64,2.0,0.6,1.4,1.0,2,0,H,0.6,0.0,0.0,0.4,0.0,0.2,0.6455877455877456,0.6023376623376623,M Halsey,10,9,6,8,12,9,7,6,0,2,0,0,1.75,3.9,5.0
1213,26,2011-02-13,Liverpool,West Brom,0,2,A,2.6,2.0,1.92,2.16,2.6,1.2,1.2,2.0,0,0,D,0.2,0.4,0.2,0.0,0.4,0.4,0.5337846249610955,0.5630236822001529,J Moss,23,4,14,3,9,9,13,5,1,4,0,0,1.4,5.0,9.0
1213,27,2017-02-13,Liverpool,Swansea,5,0,H,2.5,2.0,1.7307692307692308,1.4230769230769231,2.0,1.6,1.4,0.6,1,0,H,0.2,0.4,0.2,0.4,0.2,0.0,0.5370052368773596,0.6007770007770008,H Webb,33,4,18,3,6,9,10,1,0,1,0,0,1.57,4.4,6.0
1213,27,2023-02-13,Arsenal,Aston Villa,2,1,H,2.4615384615384617,1.5,1.4230769230769231,2.8846153846153846,2.0,1.4,1.6,1.8,1,0,H,0.2,0.0,0.2,0.0,0.4,0.2,0.6757625948930297,0.48941558441558436,M Atkinson,24,5,14,3,7,12,12,3,1,2,0,0,1.33,5.5,11.0
1213,27,2023-02-13,Fulham,Stoke,1,0,H,1.8076923076923077,2.3076923076923075,1.1923076923076923,1.6923076923076923,0.8,1.0,1.0,2.2,1,0,H,0.2,0.4,0.0,0.4,0.4,0.0,0.4132600732600733,0.4574536574536574,L Probert,20,7,9,2,4,9,9,4,1,3,0,0,2.2,3.3,3.75
1213,27,2023-02-13,Norwich,Everton,2,1,H,1.3461538461538463,2.269230769230769,2.0,1.7307692307692308,0.2,1.2,1.0,1.2,0,1,A,0.2,0.2,0.0,0.2,0.2,0.4,0.5052380952380953,0.6086868686868686,L Mason,10,11,9,5,15,10,7,5,1,1,0,0,3.8,3.5,2.1
1213,27,2023-02-13,QPR,Man United,0,2,A,1.0384615384615385,2.1923076923076925,3.269230769230769,1.6538461538461537,0.4,1.0,1.6,0.6,0,1,A,0.0,0.2,0.2,0.6,0.0,0.0,0.5109523809523809,0.637016317016317,A Taylor,12,13,5,8,10,6,2,4,0,0,0,0,7,4.33,1.53
1213,27,2023-02-13,Reading,Wigan,0,3,A,1.6153846153846154,2.576923076923077,1.5769230769230769,2.730769230769231,1.4,1.2,1.6,2.4,0,2,A,0.2,0.2,0.4,0.0,0.6,0.4,0.4177777777777778,0.5729370629370629,P Dowd,7,14,1,8,9,11,2,9,1,1,1,0,2.63,3.4,2.88
1213,27,2023-02-13,West Brom,Sunderland,2,1,H,2.0,2.076923076923077,1.5,2.0,1.4,1.6,0.8,1.0,1,0,H,0.2,0.2,0.4,0.4,0.4,0.2,0.5953766233766233,0.4366666666666667,R East,17,10,7,6,13,9,5,5,2,1,0,0,2.05,3.5,4.0
1213,27,2024-02-13,Man City,Chelsea,2,0,H,2.4615384615384617,1.3076923076923077,2.923076923076923,1.6538461538461537,1.4,1.0,3.2,1.8,0,0,D,0.2,0.2,0.2,0.4,0.2,0.0,0.5412301587301587,0.699405016036595,A Marriner,15,4,11,1,19,5,6,6,3,1,0,0,1.95,3.6,4.33
1213,27,2024-02-13,Newcastle,Southampton,4,2,H,1.8846153846153846,2.6923076923076925,1.9615384615384615,2.5384615384615383,1.4,1.4,1.6,1.4,2,1,H,0.4,0.2,0.0,0.2,0.2,0.4,0.6546198830409357,0.539120879120879,C Foy,11,11,5,7,12,12,7,3,0,4,0,0,2.2,3.5,3.2
1213,27,2025-02-13,West Ham,Tottenham,2,3,A,1.4230769230769231,2.269230769230769,2.4615384615384617,1.6923076923076923,1.0,2.2,1.0,0.6,1,1,D,0.4,0.6,0.2,0.2,0.0,0.2,0.5687312687312687,0.6094979296066253,H Webb,8,25,6,16,12,7,6,12,4,1,0,0,3.6,3.5,2.15
1213,28,2002-03-13,Chelsea,West Brom,1,0,H,2.814814814814815,1.7407407407407407,2.0,2.037037037037037,2.4,2.2,1.4,1.2,1,0,H,0.4,0.4,0.0,0.4,0.2,0.2,0.5857686524002313,0.5686386554621848,K Friend,25,8,19,4,12,16,9,7,1,2,0,0,1.4,5.0,9.0
1213,28,2002-03-13,Everton,Reading,3,1,H,2.0,1.8148148148148149,1.5555555555555556,2.5925925925925926,1.2,1.6,1.0,1.6,1,0,H,0.2,0.2,0.2,0.2,0.4,0.4,0.5995959595959596,0.3796825396825397,A Taylor,18,12,12,6,8,8,9,10,1,1,0,0,1.38,5.0,10.0
1213,28,2002-03-13,Man United,Norwich,4,0,H,3.2962962962962963,1.5925925925925926,1.3703703703703705,2.2222222222222223,1.6,0.4,0.6,1.4,1,0,H,0.6,0.0,0.0,0.2,0.0,0.2,0.6267599067599068,0.6352380952380952,N Swarbrick,13,1,10,1,5,15,7,3,0,4,0,0,1.33,5.5,11.0
1213,28,2002-03-13,Southampton,QPR,1,2,A,2.037037037037037,2.740740740740741,1.0,2.185185185185185,1.6,1.8,0.4,1.4,1,1,D,0.0,0.4,0.6,0.0,0.4,0.4,0.5806793206793206,0.5442857142857143,H Webb,17,5,9,3,7,15,6,3,1,3,0,0,1.85,3.8,4.5
1213,28,2002-03-13,Stoke,West Ham,0,1,A,1.1481481481481481,1.7037037037037037,1.4444444444444444,2.2962962962962963,1.0,1.6,1.2,2.6,0,1,A,0.2,0.4,0.2,0.2,0.6,0.2,0.4236874236874237,0.6005494505494505,J Moss,10,10,2,7,12,12,4,2,1,2,0,0,2.15,3.25,4.0
1213,28,2002-03-13,Sunderland,Fulham,2,2,D,1.5185185185185186,2.074074074074074,1.7777777777777777,2.2222222222222223,0.4,1.0,0.8,0.8,1,2,A,0.2,0.6,0.4,0.4,0.2,0.0,0.4566666666666667,0.4318315018315019,M Halsey,12,7,6,4,9,14,7,3,1,3,0,0,2.4,3.3,3.3
1213,28,2002-03-13,Swansea,Newcastle,1,0,H,1.6666666666666667,1.7407407407407407,1.962962962962963,2.6666666666666665,1.4,1.6,2.2,1.8,0,0,D,0.2,0.2,0.2,0.4,0.0,0.0,0.6507770007770007,0.6566400850611377,C Pawson,10,14,7,7,9,17,7,7,0,2,0,0,2.1,3.6,3.75
1213,28,2002-03-13,Wigan,Liverpool,0,4,A,1.7407407407407407,2.6296296296296298,2.5925925925925926,1.9259259259259258,2.0,2.2,2.8,1.2,0,3,A,0.2,0.4,0.4,0.4,0.2,0.0,0.6072227772227772,0.5627628126349354,M Atkinson,15,8,11,7,11,15,4,3,2,2,0,0,4.5,3.75,1.85
1213,28,2003-03-13,Tottenham,Arsenal,2,1,H,2.5925925925925926,1.7777777777777777,2.4444444444444446,1.4814814814814814,1.6,1.0,2.4,1.2,2,0,H,0.2,0.0,0.2,0.2,0.0,0.2,0.6374979296066253,0.7035403726708075,M Clattenburg,11,10,5,6,17,13,4,6,3,1,0,0,2.3,3.6,3.25
1213,28,2004-03-13,Aston Villa,Man City,0,1,A,1.4444444444444444,2.925925925925926,2.4444444444444446,1.2592592592592593,1.8,2.0,1.4,1.0,0,1,A,0.0,0.4,0.2,0.0,0.2,0.2,0.48441558441558447,0.5753968253968254,M Dean,10,20,5,12,10,14,6,5,2,0,0,0,7.5,4.5,1.44
1213,29,2009-03-13,Norwich,Southampton,0,0,D,1.3214285714285714,2.4285714285714284,2.0,2.7142857142857144,0.6,1.2,1.8,2.2,0,0,D,0.2,0.2,0.2,0.0,0.4,0.4,0.7152380952380952,0.52941881647764,M Clattenburg,3,15,2,7,9,10,1,7,2,3,0,0,2.5,3.4,3.0
1213,29,2009-03-13,QPR,Sunderland,3,1,H,1.1071428571428572,2.1785714285714284,1.5357142857142858,2.0714285714285716,0.6,1.4,0.8,1.4,1,1,D,0.2,0.2,0.2,0.0,0.4,0.6,0.530952380952381,0.45666666666666667,M Jones,15,7,8,3,4,19,4,5,0,2,0,0,2.25,3.4,3.5
1213,29,2009-03-13,Reading,Aston Villa,1,2,A,1.5714285714285714,2.7142857142857144,1.3928571428571428,2.857142857142857,0.8,1.8,1.4,1.8,1,2,A,0.0,0.4,0.6,0.0,0.4,0.2,0.3996825396825397,0.45714285714285713,J Moss,10,18,4,7,8,7,6,1,2,3,0,0,2.45,3.4,3.1
1213,29,2009-03-13,West Brom,Swansea,2,1,H,1.9285714285714286,2.0357142857142856,1.6428571428571428,1.6785714285714286,1.0,1.0,1.0,1.4,1,1,D,0.2,0.4,0.4,0.2,0.2,0.2,0.5966386554621848,0.6907770007770008,L Mason,12,9,6,4,9,10,3,3,1,1,0,0,2.45,3.3,3.2
1213,29,2010-03-13,Liverpool,Tottenham,3,2,H,2.7857142857142856,1.8571428571428572,2.5714285714285716,1.75,2.6,1.2,1.8,1.0,1,1,D,0.4,0.2,0.0,0.4,0.0,0.0,0.620115753811406,0.5718852813852815,M Oliver,10,15,4,9,9,8,1,4,1,1,0,0,1.95,3.8,4.0
1213,29,2010-03-13,Newcastle,Stoke,2,1,H,1.8928571428571428,2.642857142857143,1.1071428571428572,1.6785714285714286,2.0,1.6,0.8,1.2,0,0,D,0.6,0.2,0.0,0.0,0.4,0.4,0.6233067517278044,0.4065445665445665,A Marriner,14,7,6,4,10,12,14,4,1,1,0,0,1.83,3.7,4.8
1213,29,2016-03-13,Aston Villa,QPR,3,2,H,1.5357142857142858,2.9285714285714284,1.2142857142857142,2.2142857142857144,1.6,1.6,1.2,1.6,1,1,D,0.0,0.2,0.2,0.2,0.2,0.2,0.4549206349206349,0.5176190476190475,K Friend,10,18,6,11,16,10,9,6,3,2,0,0,2.3,3.4,3.4
1213,29,2016-03-13,Everton,Man City,2,0,H,2.0357142857142856,1.7857142857142858,2.4285714285714284,1.2142857142857142,1.8,1.8,1.2,1.0,1,0,H,0.2,0.2,0.2,0.2,0.2,0.2,0.5929292929292929,0.5853968253968254,L Probert,11,17,5,11,15,10,13,6,4,3,1,0,3.9,3.6,2.05
1213,29,2016-03-13,Man United,Reading,1,0,H,3.3214285714285716,1.5357142857142858,1.6071428571428572,2.7857142857142856,2.2,0.2,0.6,2.0,1,0,H,0.6,0.0,0.0,0.0,0.6,0.6,0.6472727272727272,0.3685714285714286,L Mason,17,5,8,1,5,16,5,4,0,2,0,0,1.17,9.0,19.0
1213,29,2016-03-13,Southampton,Liverpool,3,1,H,2.0,2.7142857142857144,2.892857142857143,1.9285714285714286,1.6,1.8,2.8,1.2,2,1,H,0.2,0.2,0.2,0.2,0.2,0.0,0.527514054572878,0.600115753811406,P Dowd,17,8,12,6,10,10,7,5,0,1,0,0,4.2,3.8,1.91
1213,30,2016-03-13,Stoke,West Brom,0,0,D,1.1379310344827587,1.8275862068965518,1.9310344827586208,2.0,0.6,1.2,1.2,0.8,0,0,D,0.0,0.6,0.6,0.2,0.2,0.2,0.46527472527472524,0.5823529411764705,M Dean,13,9,5,5,15,11,7,1,2,2,0,0,2.5,3.3,3.1
1213,30,2016-03-13,Swansea,Arsenal,0,2,A,1.6551724137931034,1.7586206896551724,2.4827586206896552,1.5517241379310345,1.2,1.8,2.2,1.2,0,0,D,0.2,0.4,0.2,0.2,0.2,0.2,0.6907770007770008,0.664120082815735,J Moss,9,15,2,11,2,7,3,7,1,1,0,0,3.4,3.5,2.25
1213,30,2017-03-13,Chelsea,West Ham,2,0,H,2.7241379310344827,1.7586206896551724,1.4137931034482758,2.1379310344827585,2.0,2.0,1.2,1.6,1,0,H,0.4,0.2,0.2,0.2,0.4,0.2,0.6237142857142857,0.5976923076923077,M Oliver,24,15,14,9,5,14,5,5,0,2,0,0,1.4,5.0,9.0
1213,30,2017-03-13,Sunderland,Norwich,1,1,D,1.5517241379310345,2.206896551724138,1.2758620689655173,2.3448275862068964,0.8,1.6,0.4,1.0,1,1,D,0.2,0.6,0.4,0.0,0.2,0.2,0.4223809523809524,0.7485714285714286,C Foy,16,7,8,3,11,11,5,9,1,3,0,1,2.05,3.5,4.0
1213,30,2017-03-13,Tottenham,Fulham,0,1,A,2.6206896551724137,1.896551724137931,1.793103448275862,2.206896551724138,2.0,1.4,1.2,0.8,0,0,D,0.6,0.2,0.0,0.4,0.2,0.0,0.5752186147186148,0.5461172161172161,M Jones,12,6,6,2,10,5,5,5,1,1,0,0,1.5,4.5,7.5
1213,30,2017-03-13,Wigan,Newcastle,2,1,H,1.6206896551724137,2.586206896551724,1.896551724137931,2.8620689655172415,1.6,2.4,1.4,2.0,1,0,H,0.2,0.4,0.4,0.2,0.4,0.2,0.6438894438894438,0.47217893217893214,M Halsey,13,9,10,4,7,12,7,3,1,1,0,0,2.3,3.4,3.4
1213,30,1930-03-13,Arsenal,Reading,4,1,H,2.3448275862068964,1.5172413793103448,1.5517241379310345,2.7586206896551726,2.4,1.2,0.4,1.8,1,0,H,0.2,0.2,0.2,0.0,0.6,0.6,0.6902070393374742,0.24857142857142853,C Foy,23,4,14,2,9,14,11,3,0,1,0,0,1.25,6.5,15.0
1213,30,1930-03-13,Everton,Stoke,1,0,H,2.0344827586206895,1.7241379310344827,1.1379310344827587,1.7586206896551724,1.8,1.6,0.6,1.2,1,0,H,0.4,0.0,0.2,0.2,0.6,0.4,0.611111111111111,0.4319413919413919,M Jones,15,10,9,5,13,18,4,3,1,3,0,0,1.57,3.9,7.5
1213,30,1930-03-13,Man City,Newcastle,4,0,H,2.3448275862068964,1.3103448275862069,1.896551724137931,2.8620689655172415,1.2,1.4,1.4,2.0,2,0,H,0.0,0.4,0.4,0.2,0.4,0.2,0.6214752567693744,0.47217893217893214,N Swarbrick,19,5,11,1,6,8,9,2,0,2,0,0,1.33,5.5,11.0
1213,30,1930-03-13,Southampton,Chelsea,2,1,H,2.0344827586206895,2.6551724137931036,2.6551724137931036,1.6206896551724137,1.8,1.6,2.2,1.8,2,1,H,0.4,0.2,0.0,0.4,0.4,0.0,0.5753571918277801,0.6325054945054946,J Moss,13,7,8,4,12,6,7,7,2,1,0,0,3.5,3.5,2.2
1213,31,1930-03-13,Sunderland,Man United,0,1,A,1.5333333333333334,2.1666666666666665,3.1333333333333333,1.4333333333333333,1.0,1.6,2.0,0.0,0,1,A,0.2,0.4,0.2,0.6,0.0,0.0,0.4057142857142857,0.6141176470588235,K Friend,9,10,4,6,11,9,3,6,3,1,0,0,6,4.0,1.65
1213,31,1930-03-13,Swansea,Tottenham,1,2,A,1.6,1.7666666666666666,2.533333333333333,1.8666666666666667,1.2,2.0,1.8,1.6,0,2,A,0.0,0.4,0.2,0.4,0.2,0.0,0.607948717948718,0.551409090909091,A Taylor,11,9,3,7,5,10,5,2,2,4,0,0,3.4,3.4,2.3
1213,31,1930-03-13,West Ham,West Brom,3,1,H,1.3666666666666667,2.2,1.8666666666666667,1.9333333333333333,1.0,1.4,1.2,0.6,2,0,H,0.2,0.2,0.2,0.2,0.2,0.2,0.6176923076923078,0.5434640522875818,A Marriner,14,17,8,11,10,13,5,3,1,1,0,1,2.3,3.4,3.4
1213,31,1930-03-13,Wigan,Norwich,1,0,H,1.6333333333333333,2.533333333333333,1.3,2.3333333333333335,1.6,2.2,0.6,1.2,0,0,D,0.2,0.2,0.2,0.2,0.0,0.0,0.6886446886446886,0.7057142857142857,H Webb,13,9,6,5,13,9,10,3,1,2,0,0,1.95,3.6,4.33
1213,31,1931-03-13,Aston Villa,Liverpool,1,2,A,1.5333333333333334,2.8,2.7666666666666666,2.0,1.6,1.4,2.6,1.4,1,0,H,0.0,0.0,0.0,0.2,0.2,0.2,0.4749206349206349,0.6358300395256917,L Mason,10,16,7,12,9,8,7,8,1,1,0,0,5,4.0,1.75
1213,31,2001-04-13,Fulham,QPR,3,2,H,1.8,2.1333333333333333,1.2666666666666666,2.2666666666666666,0.8,0.6,1.6,2.2,3,1,H,0.4,0.0,0.0,0.2,0.4,0.2,0.5204761904761905,0.5465079365079365,L Probert,9,19,5,11,11,7,3,6,2,1,1,0,2,3.6,4.0
1213,31,2006-04-13,Norwich,Swansea,2,2,D,1.3,2.4,1.6333333333333333,1.8333333333333333,0.6,1.4,0.6,2.2,1,1,D,0.4,0.2,0.0,0.0,0.4,0.2,0.7101587301587301,0.4778787878787879,M Oliver,12,16,9,9,8,16,2,5,5,3,0,0,2.63,3.3,2.9
1213,31,2006-04-13,Reading,Southampton,0,2,A,1.5666666666666667,2.933333333333333,2.033333333333333,2.6,0.6,2.0,1.6,1.6,0,1,A,0.0,0.6,0.6,0.6,0.0,0.0,0.32,0.5907418072123954,M Jones,8,12,3,4,5,11,8,4,0,0,0,0,3.3,3.6,2.25
1213,31,2006-04-13,Stoke,Aston Villa,1,3,A,1.1,1.7666666666666666,1.5666666666666667,2.8666666666666667,0.2,1.0,1.4,1.6,0,1,A,0.0,0.4,0.4,0.0,0.2,0.0,0.38835164835164837,0.5577777777777777,M Clattenburg,6,11,2,8,16,11,4,2,3,1,0,0,2.1,3.4,4.0
1213,31,2006-04-13,West Brom,Arsenal,1,2,A,1.9333333333333333,2.1333333333333333,2.533333333333333,1.5,1.0,1.2,2.2,0.8,0,1,A,0.0,0.4,0.4,0.4,0.2,0.2,0.5228758169934641,0.7250724637681161,H Webb,16,11,5,6,7,15,6,4,2,4,0,1,4.1,3.7,1.95
1213,32,2007-04-13,Chelsea,Sunderland,2,1,H,2.6129032258064515,1.6451612903225807,1.4838709677419355,2.129032258064516,2.0,1.6,0.8,1.4,0,1,A,0.4,0.0,0.0,0.0,0.4,0.4,0.668952380952381,0.3746031746031746,N Swarbrick,14,7,7,3,9,15,8,5,0,2,0,0,1.36,5.0,11.0
1213,32,2007-04-13,Liverpool,West Ham,0,0,D,2.806451612903226,2.0,1.4193548387096775,2.161290322580645,3.0,1.2,1.4,1.6,0,0,D,0.2,0.2,0.4,0.2,0.0,0.0,0.6640909090909091,0.6319780219780219,A Taylor,19,10,12,4,8,4,12,2,0,1,0,0,1.36,5.5,9.0
1213,32,2007-04-13,Newcastle,Fulham,1,0,H,1.8387096774193548,2.806451612903226,1.8387096774193548,2.193548387096774,1.4,2.0,1.4,1.0,0,0,D,0.0,0.4,0.4,0.6,0.2,0.0,0.40551226551226555,0.5020634920634921,K Friend,20,5,10,3,13,11,10,3,2,2,0,0,2.1,3.5,3.8
1213,32,2007-04-13,QPR,Wigan,1,1,D,1.3548387096774193,2.3870967741935485,1.6129032258064515,2.4516129032258065,1.8,2.0,1.4,1.8,0,0,D,0.2,0.4,0.2,0.2,0.2,0.2,0.5480116959064327,0.660952380952381,P Dowd,6,16,2,10,9,12,2,10,2,3,1,0,2.38,3.4,3.25
1213,32,2007-04-13,Tottenham,Everton,2,2,D,2.5806451612903225,1.8709677419354838,1.935483870967742,1.6129032258064515,1.8,1.6,1.4,1.0,1,1,D,0.2,0.2,0.0,0.6,0.0,0.0,0.5944646464646464,0.6129292929292929,A Marriner,19,9,10,5,14,8,7,6,1,1,0,0,2.2,3.4,3.6
1213,32,2008-04-13,Man United,Man City,1,2,A,3.096774193548387,1.3870967741935485,2.3225806451612905,1.2258064516129032,2.0,0.0,1.6,1.0,0,0,D,0.6,0.0,0.0,0.2,0.2,0.2,0.6110407239819005,0.6261536193424738,M Dean,16,9,7,5,13,18,9,4,3,5,0,0,2.3,3.5,3.3
1213,32,2013-04-13,Arsenal,Norwich,3,1,H,2.5806451612903225,1.5161290322580645,1.3225806451612903,2.3870967741935485,2.4,1.0,0.6,1.6,0,0,D,0.4,0.0,0.0,0.4,0.2,0.0,0.7141633728590251,0.6801587301587301,M Jones,10,5,7,5,8,10,9,3,1,2,0,0,1.25,6.5,14.0
1213,32,2013-04-13,Aston Villa,Fulham,1,1,D,1.7096774193548387,2.838709677419355,1.8387096774193548,2.193548387096774,1.8,1.4,1.4,1.0,0,0,D,0.0,0.2,0.0,0.6,0.2,0.0,0.5832323232323233,0.5020634920634921,P Dowd,15,8,7,3,5,15,8,5,1,2,0,0,2.3,3.3,3.5
1213,32,2013-04-13,Everton,QPR,2,0,H,2.064516129032258,1.7419354838709677,1.3870967741935485,2.4193548387096775,1.8,1.0,2.0,1.8,1,0,H,0.4,0.0,0.0,0.2,0.4,0.2,0.5462626262626262,0.5313450292397661,L Mason,14,8,10,5,6,12,13,5,3,3,0,0,1.44,4.75,8.0
1213,32,2013-04-13,Reading,Liverpool,0,0,D,1.5161290322580645,2.903225806451613,2.806451612903226,2.0,0.4,1.8,2.0,1.2,0,0,D,0.0,0.4,0.4,0.0,0.0,0.2,0.29500000000000004,0.6813157894736841,M Clattenburg,7,26,5,15,9,8,4,9,2,1,0,0,8,4.75,1.45
1213,33,2013-04-13,Southampton,West Ham,1,1,D,2.03125,2.4375,1.375,2.09375,1.6,0.8,1.2,1.2,0,0,D,0.6,0.0,0.0,0.4,0.0,0.0,0.5301357466063349,0.6042857142857142,M Dean,15,6,11,4,9,18,7,4,2,3,0,0,1.91,3.75,4.2
1213,33,2014-04-13,Newcastle,Sunderland,0,3,A,1.8125,2.71875,1.5,2.1875,0.8,1.6,0.6,1.4,0,1,A,0.0,0.4,0.4,0.0,0.4,0.2,0.41460317460317453,0.3603174603174603,H Webb,15,8,9,7,14,7,10,9,3,2,0,0,1.95,3.5,4.5
1213,33,2014-04-13,Stoke,Man United,0,2,A,1.0625,1.75,3.15625,1.40625,0.4,1.4,1.8,0.4,0,1,A,0.0,0.4,0.4,0.4,0.0,0.0,0.39787545787545786,0.522130467571644,J Moss,13,9,4,3,9,9,3,7,1,1,0,0,7,3.9,1.6
1213,33,2016-04-13,Arsenal,Everton,0,0,D,2.59375,1.5,2.0625,1.6875,2.8,1.2,2.0,0.6,0,0,D,0.4,0.0,0.0,0.6,0.0,0.0,0.754163372859025,0.5982106782106783,N Swarbrick,10,10,6,5,11,12,8,1,2,3,0,0,1.75,3.9,5.0
1213,33,2017-04-13,Fulham,Chelsea,0,3,A,1.84375,2.28125,2.59375,1.625,1.0,1.4,2.0,1.2,0,2,A,0.6,0.4,0.2,0.2,0.0,0.2,0.5000505050505051,0.668952380952381,M Dean,11,13,7,10,11,11,6,5,2,1,0,0,4.75,3.8,1.8
1213,33,2017-04-13,Man City,Wigan,1,0,H,2.375,1.25,1.625,2.4375,1.8,0.6,1.4,1.2,0,0,D,0.4,0.0,0.0,0.2,0.2,0.2,0.6229790161678708,0.6321062271062271,J Moss,10,8,4,6,12,5,5,4,2,1,0,0,1.25,6.5,14.0
1213,33,2017-04-13,West Ham,Man United,2,2,D,1.4375,2.15625,3.15625,1.40625,1.0,0.8,1.8,0.4,1,1,D,0.4,0.0,0.0,0.4,0.0,0.0,0.5876190476190476,0.522130467571644,L Probert,10,15,4,9,9,7,2,5,1,0,0,0,5.5,3.9,1.7
1213,33,2020-04-13,Fulham,Arsenal,0,1,A,1.84375,2.28125,2.59375,1.5,1.0,1.4,2.4,1.0,0,1,A,0.6,0.4,0.2,0.4,0.0,0.0,0.5000505050505051,0.7574967061923584,A Marriner,7,10,5,7,13,8,7,3,0,2,1,1,5,4.0,1.75
1213,33,2020-04-13,Norwich,Reading,2,1,H,1.34375,2.5,1.46875,2.8125,0.8,1.4,0.2,1.4,0,0,D,0.4,0.4,0.0,0.0,0.4,0.4,0.6801587301587302,0.3578571428571428,M Dean,19,14,9,6,8,12,8,8,2,3,0,0,1.75,3.8,5.25
1213,33,2020-04-13,QPR,Stoke,0,2,A,1.34375,2.46875,1.0625,1.8125,1.6,2.0,0.4,1.6,0,1,A,0.0,0.4,0.4,0.0,0.4,0.4,0.5363450292397661,0.41941391941391937,C Foy,25,11,11,4,8,14,5,5,1,2,0,0,2.25,3.4,3.5
1213,34,2020-04-13,Sunderland,Everton,1,0,H,1.6363636363636365,2.121212121212121,2.0,1.6363636363636365,1.0,0.8,1.4,0.4,1,0,H,0.2,0.4,0.2,0.6,0.0,0.0,0.4496031746031746,0.5648773448773449,P Dowd,8,8,4,5,6,15,3,10,1,2,0,0,3.4,3.4,2.3
1213,34,2020-04-13,Swansea,Southampton,0,0,D,1.606060606060606,1.7878787878787878,2.0,2.393939393939394,1.0,1.6,1.6,0.6,0,0,D,0.2,0.2,0.2,0.4,0.0,0.0,0.4403787878787879,0.5709200603318251,M Halsey,14,9,7,5,11,13,7,2,0,0,0,0,2.38,3.5,3.1
1213,34,2020-04-13,West Brom,Newcastle,1,1,D,1.7878787878787878,2.0,1.7575757575757576,2.727272727272727,0.8,1.4,0.8,2.0,0,1,A,0.0,0.4,0.4,0.0,0.4,0.4,0.5030228758169935,0.43460317460317455,M Jones,8,10,4,6,9,10,15,2,0,2,0,0,2.25,3.5,3.4
1213,34,2020-04-13,West Ham,Wigan,2,0,H,1.4545454545454546,2.1515151515151514,1.5757575757575757,2.4242424242424243,1.2,1.2,0.8,1.4,1,0,H,0.4,0.0,0.0,0.4,0.4,0.2,0.5276190476190475,0.6678205128205128,N Swarbrick,17,18,11,10,12,11,3,6,3,1,0,0,2.3,3.5,3.3
1213,34,2021-04-13,Liverpool,Chelsea,2,2,D,2.6363636363636362,1.878787878787879,2.696969696969697,1.5757575757575757,1.2,1.2,1.8,1.0,0,1,A,0.2,0.0,0.2,0.2,0.0,0.2,0.6217004048582995,0.6867985347985348,K Friend,23,9,12,6,8,11,8,5,5,2,0,0,2.15,3.6,3.6
1213,34,2021-04-13,Tottenham,Man City,3,1,H,2.484848484848485,1.8181818181818181,2.3333333333333335,1.2121212121212122,1.6,1.6,1.6,0.6,0,1,A,0.2,0.0,0.0,0.4,0.0,0.0,0.5717278043593833,0.556312349501204,L Mason,11,11,8,7,11,10,4,5,3,3,0,0,3.25,3.6,2.3
1213,34,2022-04-13,Man United,Aston Villa,3,0,H,3.1818181818181817,1.4848484848484849,1.6363636363636365,2.696969696969697,1.4,0.8,2.0,1.4,3,0,H,0.4,0.0,0.0,0.0,0.2,0.0,0.4882843137254902,0.5765656565656566,A Taylor,10,8,5,5,10,6,5,3,1,0,0,0,1.25,6.75,13.0
1213,34,2027-04-13,Everton,Fulham,1,0,H,2.0,1.696969696969697,1.7878787878787878,2.242424242424242,1.0,0.6,0.8,1.6,1,0,H,0.4,0.2,0.2,0.4,0.4,0.2,0.5989682539682539,0.5762409812409812,J Moss,17,6,10,2,12,16,7,2,1,3,0,0,1.5,4.5,7.5
1213,34,2027-04-13,Man City,West Ham,2,1,H,2.393939393939394,1.393939393939394,1.5151515151515151,2.1515151515151514,1.6,1.2,1.6,0.8,1,0,H,0.2,0.2,0.0,0.4,0.0,0.0,0.5635850767739312,0.5370308123249299,H Webb,16,9,10,6,9,7,9,4,1,3,0,0,1.29,6.0,12.0
1213,34,2027-04-13,Newcastle,Liverpool,0,6,A,1.8181818181818181,2.787878787878788,2.696969696969697,1.9393939393939394,0.6,2.0,1.0,1.2,0,2,A,0.0,0.6,0.4,0.2,0.0,0.4,0.4688888888888889,0.6460482309452561,A Marriner,5,11,1,10,14,7,5,7,3,2,1,0,2.88,3.6,2.5
1213,35,2027-04-13,Southampton,West Brom,0,3,A,1.9411764705882353,2.323529411764706,1.7647058823529411,1.9705882352941178,1.6,0.6,1.0,1.4,0,1,A,0.4,0.0,0.0,0.0,0.2,0.4,0.5886978381096029,0.5030228758169935,R Madley,16,11,4,9,9,11,7,6,2,2,2,1,1.85,3.75,4.6
1213,35,2027-04-13,Stoke,Norwich,1,0,H,1.1176470588235294,1.7058823529411764,1.3529411764705883,2.4411764705882355,0.6,1.2,1.2,1.8,0,0,D,0.2,0.4,0.4,0.2,0.4,0.0,0.37785547785547785,0.6447368421052632,A Taylor,12,5,4,0,10,8,5,3,4,2,0,0,2.25,3.3,3.6
1213,35,2027-04-13,Wigan,Tottenham,2,2,D,1.5294117647058822,2.4705882352941178,2.5,1.7941176470588236,0.8,1.0,1.8,1.6,1,1,D,0.4,0.4,0.2,0.0,0.0,0.2,0.6322649572649572,0.6262732589048378,M Atkinson,6,14,4,7,12,10,3,3,3,1,0,0,3.8,3.6,2.05
1213,35,2028-04-13,Arsenal,Man United,1,1,D,2.5588235294117645,1.411764705882353,3.176470588235294,1.4411764705882353,1.8,0.4,1.8,0.8,1,1,D,0.4,0.0,0.0,0.4,0.0,0.0,0.8249883449883448,0.49416666666666664,P Dowd,19,10,13,5,12,10,7,2,3,5,0,0,2.25,3.6,3.3
1213,35,2028-04-13,Chelsea,Swansea,2,0,H,2.735294117647059,1.6470588235294117,1.5588235294117647,1.7352941176470589,2.2,1.0,0.8,1.6,2,0,H,0.2,0.2,0.2,0.2,0.2,0.2,0.7701318681318681,0.4003787878787879,M Clattenburg,21,11,14,8,9,10,6,3,1,3,0,0,1.36,5.5,9.0
1213,35,2028-04-13,Reading,QPR,0,0,D,1.6764705882352942,2.8823529411764706,1.2647058823529411,2.411764705882353,1.0,1.2,0.6,1.8,0,0,D,0.2,0.2,0.0,0.0,0.4,0.4,0.4335714285714286,0.4811704260651629,K Friend,13,15,7,5,12,14,9,7,0,2,0,0,2.55,3.5,2.88
1213,35,2029-04-13,Aston Villa,Sunderland,6,1,H,1.7058823529411764,2.8529411764705883,1.6176470588235294,2.0588235294117645,1.4,1.6,1.0,0.6,2,1,H,0.2,0.4,0.2,0.2,0.4,0.2,0.6037878787878788,0.4496031746031746,L Probert,18,7,15,4,10,15,4,4,0,3,0,1,2.3,3.4,3.4
1213,35,2004-05-13,Fulham,Reading,2,4,A,1.7352941176470589,2.235294117647059,1.4411764705882353,2.764705882352941,0.2,1.4,0.4,1.6,0,1,A,0.4,0.4,0.2,0.2,0.4,0.2,0.5317965367965368,0.4035714285714286,N Swarbrick,18,20,13,13,14,7,3,3,2,1,0,0,1.73,3.9,5.25
1213,35,2004-05-13,Norwich,Aston Villa,1,2,A,1.3235294117647058,2.3823529411764706,1.588235294117647,2.7941176470588234,1.2,1.6,1.6,1.8,0,0,D,0.2,0.2,0.0,0.0,0.4,0.2,0.64156223893066,0.6237878787878788,K Friend,9,12,4,6,15,13,6,5,2,3,0,0,2.55,3.3,3.0
1213,35,2004-05-13,QPR,Arsenal,0,1,A,1.2647058823529411,2.3823529411764706,2.5,1.411764705882353,1.0,2.2,2.4,0.6,0,1,A,0.0,0.2,0.2,0.4,0.0,0.0,0.5176783625730994,0.7774967061923583,J Moss,14,13,6,11,8,6,3,7,2,1,0,0,8,4.75,1.44
1213,36,2004-05-13,Swansea,Man City,0,0,D,1.5142857142857142,1.8,2.3142857142857145,1.3428571428571427,0.6,1.6,2.0,1.0,0,0,D,0.2,0.2,0.2,0.2,0.2,0.0,0.4569444444444445,0.5591733120680489,M Jones,7,12,1,8,9,10,4,4,0,0,0,0,5.25,3.8,1.75
1213,36,2004-05-13,Tottenham,Southampton,1,0,H,2.5428571428571427,1.8571428571428572,1.8857142857142857,2.342857142857143,1.8,1.4,1.0,1.0,0,0,D,0.2,0.0,0.0,0.4,0.2,0.2,0.6062732589048379,0.49752136752136755,M Clattenburg,7,10,4,6,8,9,5,5,1,1,0,0,1.44,4.75,8.0
1213,36,2004-05-13,West Brom,Wigan,2,3,A,1.8857142857142857,1.9142857142857144,1.542857142857143,2.4571428571428573,1.2,1.2,0.8,1.2,1,1,D,0.2,0.0,0.2,0.4,0.2,0.0,0.5666592394533572,0.6117521367521367,L Probert,17,13,11,8,9,7,7,5,4,3,0,0,2.45,3.5,3.0
1213,36,2004-05-13,West Ham,Newcastle,0,0,D,1.4857142857142858,2.142857142857143,1.7142857142857142,2.8,1.2,1.0,0.6,2.4,0,0,D,0.4,0.2,0.2,0.0,0.6,0.4,0.556078431372549,0.4688888888888889,P Dowd,9,11,3,6,12,12,7,3,1,1,0,0,2.38,3.4,3.25
1213,36,2005-05-13,Liverpool,Everton,0,0,D,2.8857142857142857,1.8285714285714285,1.9142857142857144,1.6,2.0,0.6,1.0,0.6,0,0,D,0.4,0.0,0.2,0.4,0.2,0.2,0.677866412763438,0.5966153127917834,M Oliver,16,11,8,4,10,10,3,5,1,2,0,0,1.95,3.6,4.2
1213,36,2005-05-13,Man United,Chelsea,0,1,A,3.142857142857143,1.457142857142857,2.7142857142857144,1.6,1.8,1.0,2.4,1.0,0,0,D,0.4,0.0,0.0,0.4,0.2,0.0,0.4741666666666666,0.7514652014652013,H Webb,10,15,4,6,14,9,2,7,2,1,1,0,2.2,3.5,3.5
1213,36,2006-05-13,Sunderland,Stoke,1,1,D,1.6285714285714286,2.342857142857143,1.1142857142857143,1.6571428571428573,1.2,1.6,0.8,1.0,0,1,A,0.2,0.4,0.2,0.2,0.2,0.2,0.475,0.3445221445221445,L Mason,14,11,7,7,6,12,5,6,2,2,1,0,2.1,3.3,4.0
1213,36,2007-05-13,Man City,West Brom,1,0,H,2.3142857142857145,1.3428571428571427,1.9428571428571428,2.0,1.2,1.0,1.6,1.8,1,0,H,0.4,0.0,0.0,0.0,0.2,0.2,0.5767171717171717,0.5849598930481283,P Dowd,21,20,9,11,10,9,6,8,2,1,0,0,1.4,5.0,9.0
1213,36,2007-05-13,Wigan,Swansea,2,3,A,1.7142857142857142,2.5714285714285716,1.5142857142857142,1.8,1.2,1.6,0.6,1.2,1,0,H,0.4,0.2,0.0,0.0,0.2,0.2,0.6425213675213676,0.44107142857142856,K Friend,14,10,11,6,14,13,4,4,2,2,0,0,1.83,3.75,4.75
1213,36,2008-05-13,Chelsea,Tottenham,2,2,D,2.7714285714285714,1.6,2.5714285714285716,1.8571428571428572,2.4,0.6,2.0,1.2,2,1,H,0.4,0.2,0.0,0.2,0.0,0.0,0.7171794871794871,0.6205589731905521,M Dean,15,13,8,6,6,16,6,5,1,2,0,0,1.95,3.75,4.0
1213,37,2011-05-13,Aston Villa,Chelsea,1,2,A,1.7777777777777777,2.7222222222222223,2.75,1.6111111111111112,2.4,1.4,2.4,1.0,1,0,H,0.4,0.2,0.2,0.2,0.2,0.0,0.6304545454545455,0.7071794871794871,L Mason,12,11,7,8,13,8,6,7,2,3,1,1,4.5,3.8,1.85
1213,37,2012-05-13,Everton,West Ham,2,0,H,1.8611111111111112,1.5555555555555556,1.4444444444444444,2.0833333333333335,0.6,0.2,1.2,1.0,1,0,H,0.4,0.2,0.2,0.2,0.2,0.2,0.5582314744079451,0.5427450980392157,P Dowd,23,7,13,2,8,11,7,1,1,2,0,0,1.5,4.5,7.5
1213,37,2012-05-13,Fulham,Liverpool,1,3,A,1.6944444444444444,2.2222222222222223,2.8055555555555554,1.7777777777777777,0.6,2.0,1.6,0.4,1,1,D,0.2,0.4,0.4,0.4,0.0,0.0,0.5562409812409813,0.6278664127634379,M Halsey,10,20,8,14,2,10,7,8,0,1,0,0,3.9,3.6,2.05
1213,37,2012-05-13,Man United,Swansea,2,1,H,3.0555555555555554,1.4444444444444444,1.6388888888888888,1.8611111111111112,1.6,0.8,1.0,1.2,1,0,H,0.4,0.2,0.0,0.0,0.0,0.2,0.4666666666666667,0.506525974025974,J Moss,16,5,9,2,5,6,7,5,0,0,0,0,1.3,5.75,12.0
1213,37,2012-05-13,Norwich,West Brom,4,0,H,1.2777777777777777,2.361111111111111,1.8888888888888888,2.0,1.2,1.8,1.4,1.4,1,0,H,0.2,0.4,0.0,0.0,0.4,0.2,0.5336257309941521,0.5655481283422461,H Webb,11,8,8,5,10,7,8,2,2,1,0,0,2.2,3.4,3.6
1213,37,2012-05-13,QPR,Newcastle,1,2,A,1.1944444444444444,2.2777777777777777,1.6666666666666667,2.7222222222222223,0.2,1.2,0.4,2.0,1,2,A,0.2,0.2,0.2,0.2,0.4,0.2,0.43204761904761907,0.4890909090909091,L Probert,8,10,3,7,8,8,2,2,1,3,0,1,3.4,3.4,2.3
1213,37,2012-05-13,Stoke,Tottenham,1,2,A,1.1388888888888888,1.6666666666666667,2.611111111111111,1.9166666666666667,1.0,1.2,2.0,1.4,1,1,D,0.2,0.4,0.2,0.0,0.0,0.2,0.3948717948717949,0.5573111099426888,K Friend,6,23,3,15,11,5,2,11,4,1,1,0,4.5,3.6,1.91
1213,37,2012-05-13,Sunderland,Southampton,1,1,D,1.6111111111111112,2.3055555555555554,1.8333333333333333,2.3333333333333335,1.2,1.4,0.6,1.0,0,0,D,0.0,0.4,0.4,0.4,0.4,0.2,0.4892857142857142,0.49444444444444446,M Dean,5,15,5,10,9,10,3,10,0,2,0,0,2.8,3.2,2.8
1213,37,2014-05-13,Arsenal,Wigan,4,1,H,2.4444444444444446,1.3611111111111112,1.7222222222222223,2.5833333333333335,1.6,0.6,1.4,2.0,1,1,D,0.4,0.0,0.0,0.4,0.4,0.0,0.8151637835848362,0.6746642246642247,M Dean,19,10,12,5,11,11,7,4,0,2,0,0,1.4,5.5,8.0
1213,37,2014-05-13,Reading,Man City,0,2,A,1.5833333333333333,2.7222222222222223,2.2777777777777777,1.3055555555555556,1.0,0.8,1.0,0.8,0,1,A,0.2,0.2,0.0,0.4,0.0,0.0,0.4662637362637362,0.5513203463203463,M Atkinson,11,27,7,20,6,7,4,10,0,1,0,0,6,4.33,1.6
1213,38,2019-05-13,Chelsea,Everton,2,1,H,2.7837837837837838,1.6216216216216217,1.864864864864865,1.5135135135135136,2.4,1.0,0.6,0.2,1,1,D,0.0,0.2,0.2,0.2,0.2,0.2,0.7526340326340326,0.5284178098116717,A Taylor,20,16,10,9,7,8,7,4,2,2,0,0,1.7,4.0,5.5
1213,38,2019-05-13,Liverpool,QPR,1,0,H,2.891891891891892,1.7837837837837838,1.1891891891891893,2.27027027027027,2.2,0.6,0.2,1.4,1,0,H,0.4,0.0,0.0,0.2,0.4,0.4,0.6415506232897537,0.4403809523809524,M Atkinson,27,10,20,3,7,3,14,0,1,3,0,0,1.25,7.0,12.0
1213,38,2019-05-13,Man City,Norwich,2,3,A,2.324324324324324,1.2702702702702702,1.3513513513513513,2.2972972972972974,1.2,0.8,1.6,1.4,1,1,D,0.6,0.0,0.0,0.4,0.4,0.0,0.6194684944684944,0.5290802764486975,M Halsey,12,12,5,7,10,8,7,7,1,0,0,0,1.33,5.5,11.0
1213,38,2019-05-13,Newcastle,Arsenal,0,1,A,1.7297297297297298,2.7027027027027026,2.4864864864864864,1.3513513513513513,0.6,2.2,2.0,0.6,0,0,D,0.0,0.4,0.2,0.2,0.0,0.0,0.5290909090909091,0.8323886639676112,H Webb,7,9,2,3,17,10,4,4,1,2,0,0,6,4.6,1.55
1213,38,2019-05-13,Southampton,Stoke,1,1,D,1.837837837837838,2.324324324324324,1.135135135135135,1.6756756756756757,0.4,1.2,1.0,1.0,0,0,D,0.4,0.2,0.2,0.2,0.6,0.2,0.5611111111111111,0.4282051282051282,L Probert,11,7,7,3,9,7,3,4,0,2,0,0,1.75,3.8,5.25
1213,38,2019-05-13,Swansea,Fulham,0,3,A,1.6486486486486487,1.9189189189189189,1.6756756756756757,2.2432432432432434,0.8,1.2,0.6,2.4,0,1,A,0.0,0.2,0.4,0.0,0.4,0.2,0.47402597402597396,0.6412409812409813,L Mason,19,8,11,6,12,9,8,0,2,1,0,0,1.8,3.8,4.75
1213,38,2019-05-13,Tottenham,Sunderland,1,0,H,2.6486486486486487,1.9189189189189189,1.5945945945945945,2.27027027027027,2.0,1.2,0.8,1.6,0,0,D,0.2,0.0,0.2,0.0,0.2,0.4,0.5824827346566478,0.5142857142857142,A Marriner,23,6,19,4,6,12,14,1,1,3,0,1,1.29,6.0,12.0
1213,38,2019-05-13,West Brom,Man United,5,5,D,1.837837837837838,2.1621621621621623,3.027027027027027,1.4324324324324325,1.2,1.8,1.6,1.0,1,3,A,0.0,0.4,0.4,0.4,0.2,0.0,0.6280481283422461,0.5125,M Oliver,15,12,8,8,10,6,3,5,0,1,0,0,4.5,3.9,1.83
1213,38,2019-05-13,West Ham,Reading,4,2,H,1.4054054054054055,2.135135135135135,1.5405405405405406,2.7027027027027026,1.0,1.2,1.0,1.2,2,0,H,0.2,0.2,0.2,0.2,0.4,0.2,0.4665546218487395,0.45067932067932065,M Dean,21,17,12,7,14,8,6,4,2,1,0,0,1.67,4.0,5.75
1213,38,2019-05-13,Wigan,Aston Villa,2,2,D,1.7297297297297298,2.72972972972973,1.7567567567567568,2.7027027027027026,1.6,2.6,2.0,1.6,2,1,H,0.4,0.4,0.0,0.4,0.2,0.0,0.6246642246642247,0.6016666666666668,N Swarbrick,12,5,6,2,8,12,4,2,2,1,0,0,2.15,3.6,3.6
